Price,Open,Close
Ticker,^TOPX,^TOPX
Date,,
2013-01-04,876.969970703125,888.510009765625
2013-01-07,895.1099853515625,881.0599975585938
2013-01-08,877.5800170898438,871.8800048828125
2013-01-09,863.1900024414062,879.0499877929688
2013-01-10,884.6300048828125,889.02001953125
2013-01-11,899.3200073242188,898.6900024414062
2013-01-15,908.0599975585938,906.219970703125
2013-01-16,903.1400146484375,888.1099853515625
2013-01-17,893.6199951171875,890.4600219726562
2013-01-18,903.9400024414062,911.4400024414062
2013-01-22,905.97998046875,901.1500244140625
2013-01-23,891.6099853515625,887.7899780273438
2013-01-24,881.6699829101562,897.6199951171875
2013-01-25,909.8599853515625,917.0900268554688
2013-01-28,924.280029296875,913.780029296875
2013-01-29,910.4199829101562,920.760009765625
2013-01-30,923.75,934.6699829101562
2013-01-31,934.77001953125,940.25
2013-02-01,945.5399780273438,942.6500244140625
2013-02-04,949.3400268554688,955.75
2013-02-05,944.5800170898438,939.7000122070312
2013-02-06,954.77001953125,968.8200073242188
2013-02-07,966.1699829101562,969.1799926757812
2013-02-08,962.1300048828125,957.3499755859375
2013-02-12,971.1799926757812,968.5
2013-02-13,965.760009765625,957.02001953125
2013-02-14,958.5700073242188,954.8800048828125
2013-02-15,948.52001953125,942.4099731445312
2013-02-19,958.2100219726562,963.6099853515625
2013-02-20,973.3699951171875,973.7000122070312
2013-02-21,968.8699951171875,962.8599853515625
2013-02-22,954.8699951171875,963.47998046875
2013-02-25,977.47998046875,980.7000122070312
2013-02-26,964.6799926757812,966.77001953125
2013-02-27,968.1699829101562,953.719970703125
2013-02-28,964.489990234375,975.6599731445312
2013-03-01,971.989990234375,984.3300170898438
2013-03-04,991.7000122070312,992.25
2013-03-05,998.489990234375,988.6199951171875
2013-03-06,998.9000244140625,1003.219970703125
2013-03-07,1009.5499877929688,1004.3499755859375
2013-03-08,1009.0900268554688,1020.5
2013-03-11,1030.5799560546875,1039.97998046875
2013-03-12,1047.699951171875,1035.9000244140625
2013-03-13,1031.300048828125,1031.4200439453125
2013-03-14,1037.2900390625,1038.1700439453125
2013-03-15,1044.260009765625,1051.6500244140625
2013-03-18,1039.25,1028.3399658203125
2013-03-19,1040.5699462890625,1045.8900146484375
2013-03-21,1055.81005859375,1058.0999755859375
2013-03-22,1050.7099609375,1038.5699462890625
2013-03-25,1050.6199951171875,1047.2900390625
2013-03-26,1041.5,1044.4200439453125
2013-03-27,1043.0699462890625,1046.469970703125
2013-03-28,1044.5899658203125,1036.780029296875
2013-04-01,1031.75,1000.5700073242188
2013-04-02,990.1300048828125,991.3400268554688
2013-04-03,996.8599853515625,1010.4299926757812
2013-04-04,998.989990234375,1037.760009765625
2013-04-05,1056.8399658203125,1066.239990234375
2013-04-08,1084.4000244140625,1101.739990234375
2013-04-09,1110.7900390625,1102.0400390625
2013-04-10,1101.239990234375,1121.0400390625
2013-04-11,1133.719970703125,1147.2900390625
2013-04-12,1147.3800048828125,1148.5699462890625
2013-04-15,1138.0799560546875,1133.989990234375
2013-04-16,1112.8699951171875,1119.199951171875
2013-04-17,1129.8800048828125,1136.010009765625
2013-04-18,1128.4000244140625,1122.969970703125
2013-04-19,1126.6700439453125,1126.6700439453125
2013-04-22,1144.4200439453125,1145.5999755859375
2013-04-23,1144.780029296875,1143.780029296875
2013-04-24,1156.030029296875,1164.3499755859375
2013-04-25,1167.8299560546875,1172.780029296875
2013-04-26,1176.3199462890625,1161.18994140625
2013-04-30,1164.300048828125,1165.1300048828125
2013-05-01,1164.31005859375,1158.3699951171875
2013-05-02,1152.68994140625,1153.280029296875
2013-05-07,1174.02001953125,1188.5699462890625
2013-05-08,1191.1700439453125,1194.3399658203125
2013-05-09,1199.8900146484375,1181.8299560546875
2013-05-10,1201.4200439453125,1210.5999755859375
2013-05-13,1222.22998046875,1232.199951171875
2013-05-14,1236.260009765625,1230.800048828125
2013-05-15,1246.0,1252.8499755859375
2013-05-16,1257.0699462890625,1245.22998046875
2013-05-17,1237.969970703125,1253.239990234375
2013-05-20,1266.4000244140625,1269.510009765625
2013-05-21,1266.7900390625,1270.3900146484375
2013-05-22,1277.030029296875,1276.030029296875
2013-05-23,1279.489990234375,1188.3399658203125
2013-05-24,1205.5999755859375,1194.0799560546875
2013-05-28,1140.97998046875,1168.27001953125
2013-05-29,1188.31005859375,1178.8699951171875
2013-05-30,1160.56005859375,1134.4200439453125
2013-05-31,1150.47998046875,1135.780029296875
2013-06-03,1122.0999755859375,1096.949951171875
2013-06-04,1088.8699951171875,1125.469970703125
2013-06-05,1123.25,1090.030029296875
2013-06-06,1076.300048828125,1070.77001953125
2013-06-07,1054.1099853515625,1056.949951171875
2013-06-10,1078.0799560546875,1111.969970703125
2013-06-11,1113.5799560546875,1101.1500244140625
2013-06-12,1083.97998046875,1096.5400390625
2013-06-13,1077.75,1044.1700439453125
2013-06-14,1063.530029296875,1056.449951171875
2013-06-17,1051.260009765625,1084.719970703125
2013-06-18,1088.1700439453125,1086.4000244140625
2013-06-19,1104.3599853515625,1106.5699462890625
2013-06-20,1097.449951171875,1091.81005859375
2013-06-21,1071.77001953125,1099.4000244140625
2013-06-24,1112.31005859375,1089.6400146484375
2013-06-25,1088.3499755859375,1078.6600341796875
2013-06-26,1092.1400146484375,1069.280029296875
2013-06-27,1080.1700439453125,1098.8299560546875
2013-06-28,1112.7900390625,1133.8399658203125
2013-07-01,1143.9599609375,1150.699951171875
2013-07-02,1162.52001953125,1171.8399658203125
2013-07-03,1174.75,1173.81005859375
2013-07-05,1181.1800537109375,1188.5799560546875
2013-07-08,1201.3399658203125,1172.5799560546875
2013-07-09,1188.1600341796875,1196.8900146484375
2013-07-10,1198.2099609375,1195.199951171875
2013-07-11,1184.4599609375,1194.77001953125
2013-07-12,1195.219970703125,1201.989990234375
2013-07-16,1209.6800537109375,1210.5400390625
2013-07-17,1203.0999755859375,1213.239990234375
2013-07-18,1216.489990234375,1222.010009765625
2013-07-19,1230.1700439453125,1211.97998046875
2013-07-22,1222.75,1216.530029296875
2013-07-23,1210.280029296875,1222.719970703125
2013-07-24,1218.77001953125,1219.9200439453125
2013-07-25,1221.1099853515625,1202.3199462890625
2013-07-26,1185.969970703125,1167.06005859375
2013-07-29,1148.68994140625,1128.449951171875
2013-07-30,1127.010009765625,1148.530029296875
2013-07-31,1141.449951171875,1131.699951171875
2013-08-01,1134.8399658203125,1163.3900146484375
2013-08-02,1177.739990234375,1196.1700439453125
2013-08-05,1186.9100341796875,1184.739990234375
2013-08-06,1181.530029296875,1193.6600341796875
2013-08-07,1175.25,1155.260009765625
2013-08-08,1148.969970703125,1139.5899658203125
2013-08-09,1146.6300048828125,1140.9100341796875
2013-08-12,1132.0699462890625,1134.6199951171875
2013-08-13,1146.550048828125,1157.1500244140625
2013-08-14,1164.75,1171.3399658203125
2013-08-15,1157.300048828125,1151.8199462890625
2013-08-16,1136.6400146484375,1142.6500244140625
2013-08-19,1142.4200439453125,1149.1300048828125
2013-08-20,1140.280029296875,1125.27001953125
2013-08-21,1125.3299560546875,1121.739990234375
2013-08-22,1115.260009765625,1119.56005859375
2013-08-23,1135.6300048828125,1141.6300048828125
2013-08-26,1145.9100341796875,1140.0
2013-08-27,1133.1800537109375,1134.02001953125
2013-08-28,1114.300048828125,1114.030029296875
2013-08-29,1114.800048828125,1116.510009765625
2013-08-30,1124.260009765625,1106.050048828125
2013-09-03,1133.1600341796875,1149.1800537109375
2013-09-04,1140.4000244140625,1156.300048828125
2013-09-05,1162.8299560546875,1157.8399658203125
2013-09-06,1160.9599609375,1147.8199462890625
2013-09-09,1169.800048828125,1173.0
2013-09-10,1181.31005859375,1190.219970703125
2013-09-11,1199.030029296875,1189.25
2013-09-12,1187.3499755859375,1184.3599853515625
2013-09-13,1179.260009765625,1185.280029296875
2013-09-17,1190.550048828125,1181.6400146484375
2013-09-18,1188.949951171875,1193.0699462890625
2013-09-19,1205.6700439453125,1215.47998046875
2013-09-20,1219.3699951171875,1218.97998046875
2013-09-23,1218.97998046875,1218.97998046875
2013-09-24,1208.6700439453125,1214.8699951171875
2013-09-25,1212.9100341796875,1211.1500244140625
2013-09-26,1200.9200439453125,1220.489990234375
2013-09-27,1220.77001953125,1217.52001953125
2013-09-30,1200.1500244140625,1194.0999755859375
2013-10-01,1198.1800537109375,1193.43994140625
2013-10-02,1193.989990234375,1175.1600341796875
2013-10-03,1174.5899658203125,1173.989990234375
2013-10-04,1164.1099853515625,1163.8199462890625
2013-10-07,1164.52001953125,1147.5799560546875
2013-10-08,1142.3699951171875,1150.1300048828125
2013-10-09,1142.1099853515625,1166.9000244140625
2013-10-10,1170.1800537109375,1177.949951171875
2013-10-11,1193.6099853515625,1197.1700439453125
2013-10-14,1197.1700439453125,1197.1700439453125
2013-10-15,1204.8499755859375,1197.469970703125
2013-10-16,1196.9200439453125,1196.780029296875
2013-10-17,1209.6500244140625,1206.25
2013-10-18,1207.239990234375,1205.52001953125
2013-10-21,1210.260009765625,1212.3599853515625
2013-10-22,1213.1800537109375,1214.43994140625
2013-10-23,1219.3199462890625,1195.97998046875
2013-10-24,1191.1400146484375,1203.3499755859375
2013-10-25,1201.43994140625,1178.280029296875
2013-10-28,1190.199951171875,1198.3599853515625
2013-10-29,1190.3499755859375,1193.5
2013-10-30,1202.81005859375,1204.5
2013-10-31,1204.6500244140625,1194.260009765625
2013-11-01,1199.6800537109375,1183.030029296875
2013-11-05,1192.0400390625,1182.5799560546875
2013-11-06,1179.8900146484375,1192.1600341796875
2013-11-07,1193.4100341796875,1184.72998046875
2013-11-08,1171.3800048828125,1176.4200439453125
2013-11-11,1190.3599853515625,1185.6500244140625
2013-11-12,1185.8699951171875,1205.4100341796875
2013-11-13,1204.0899658203125,1204.18994140625
2013-11-14,1210.6300048828125,1218.550048828125
2013-11-15,1229.199951171875,1239.0400390625
2013-11-18,1246.489990234375,1241.6700439453125
2013-11-19,1237.3900146484375,1236.8599853515625
2013-11-20,1239.6099853515625,1233.4300537109375
2013-11-21,1237.4300537109375,1246.31005859375
2013-11-22,1256.510009765625,1248.5699462890625
2013-11-25,1256.25,1259.6099853515625
2013-11-26,1252.489990234375,1253.02001953125
2013-11-27,1247.2099609375,1247.0799560546875
2013-11-29,1257.27001953125,1258.6600341796875
2013-12-02,1260.969970703125,1258.93994140625
2013-12-03,1263.989990234375,1262.5400390625
2013-12-04,1249.4100341796875,1240.989990234375
2013-12-05,1238.68994140625,1229.6500244140625
2013-12-06,1227.199951171875,1235.8299560546875
2013-12-09,1251.8800048828125,1255.3199462890625
2013-12-10,1255.550048828125,1256.3299560546875
2013-12-11,1251.0400390625,1250.449951171875
2013-12-12,1241.989990234375,1242.22998046875
2013-12-13,1239.6500244140625,1238.8800048828125
2013-12-16,1237.1700439453125,1222.949951171875
2013-12-17,1232.0699462890625,1232.31005859375
2013-12-18,1230.18994140625,1250.489990234375
2013-12-19,1263.8399658203125,1263.0699462890625
2013-12-20,1258.93994140625,1261.6400146484375
2013-12-24,1265.1400146484375,1257.550048828125
2013-12-26,1263.3199462890625,1279.3399658203125
2013-12-27,1284.9000244140625,1290.0699462890625
2013-12-30,1298.8699951171875,1302.2900390625
2014-01-06,1297.7900390625,1292.1500244140625
2014-01-07,1287.22998046875,1283.25
2014-01-08,1292.3900146484375,1306.22998046875
2014-01-09,1302.300048828125,1296.75
2014-01-10,1290.1700439453125,1298.47998046875
2014-01-13,1298.47998046875,1298.47998046875
2014-01-14,1279.4300537109375,1269.0799560546875
2014-01-15,1285.1400146484375,1294.52001953125
2014-01-16,1299.77001953125,1294.3900146484375
2014-01-17,1292.56005859375,1297.3900146484375
2014-01-21,1296.4300537109375,1295.949951171875
2014-01-22,1294.5,1299.6300048828125
2014-01-23,1304.93994140625,1287.52001953125
2014-01-24,1271.25,1264.5999755859375
2014-01-27,1240.02001953125,1229.22998046875
2014-01-28,1234.550048828125,1224.31005859375
2014-01-29,1239.8299560546875,1256.1800537109375
2014-01-30,1235.6700439453125,1224.0899658203125
2014-01-31,1234.3800048828125,1220.6400146484375
2014-02-03,1212.969970703125,1196.3199462890625
2014-02-04,1173.6199951171875,1139.27001953125
2014-02-05,1157.0,1162.6400146484375
2014-02-06,1166.9200439453125,1162.3699951171875
2014-02-07,1180.760009765625,1189.1400146484375
2014-02-10,1206.02001953125,1204.280029296875
2014-02-12,1217.3900146484375,1219.5999755859375
2014-02-13,1220.3699951171875,1199.739990234375
2014-02-14,1201.010009765625,1183.8199462890625
2014-02-18,1197.6600341796875,1224.0
2014-02-19,1217.5799560546875,1218.52001953125
2014-02-20,1212.52001953125,1194.56005859375
2014-02-21,1208.280029296875,1222.31005859375
2014-02-24,1220.510009765625,1219.0699462890625
2014-02-25,1228.8499755859375,1233.6600341796875
2014-02-26,1223.1400146484375,1225.3499755859375
2014-02-27,1221.8800048828125,1217.3499755859375
2014-02-28,1216.6400146484375,1211.6600341796875
2014-03-03,1197.77001953125,1196.760009765625
2014-03-04,1186.25,1204.1099853515625
2014-03-05,1218.510009765625,1212.9000244140625
2014-03-06,1215.06005859375,1228.3599853515625
2014-03-07,1239.0799560546875,1236.969970703125
2014-03-10,1231.510009765625,1227.6099853515625
2014-03-11,1230.6600341796875,1233.2099609375
2014-03-12,1217.3299560546875,1206.93994140625
2014-03-13,1205.800048828125,1203.4599609375
2014-03-14,1182.030029296875,1164.699951171875
2014-03-17,1158.8900146484375,1154.9300537109375
2014-03-18,1173.699951171875,1165.9000244140625
2014-03-19,1172.4000244140625,1164.3299560546875
2014-03-20,1169.800048828125,1145.969970703125
2014-03-24,1150.8599853515625,1163.0400390625
2014-03-25,1158.989990234375,1163.699951171875
2014-03-26,1170.9599609375,1172.0699462890625
2014-03-27,1158.31005859375,1176.9000244140625
2014-03-28,1174.6400146484375,1186.52001953125
2014-03-31,1198.8399658203125,1202.8900146484375
2014-04-01,1207.6300048828125,1204.25
2014-04-02,1210.4200439453125,1211.3599853515625
2014-04-03,1216.719970703125,1216.77001953125
2014-04-04,1213.1300048828125,1215.8900146484375
2014-04-07,1202.3900146484375,1196.8399658203125
2014-04-08,1187.5699462890625,1174.56005859375
2014-04-09,1159.81005859375,1150.43994140625
2014-04-10,1164.5,1149.489990234375
2014-04-11,1129.280029296875,1134.0899658203125
2014-04-14,1128.0699462890625,1132.760009765625
2014-04-15,1144.030029296875,1136.0899658203125
2014-04-16,1146.550048828125,1166.550048828125
2014-04-17,1167.3399658203125,1166.5899658203125
2014-04-21,1175.6199951171875,1171.4000244140625
2014-04-22,1175.530029296875,1162.5
2014-04-23,1170.489990234375,1173.81005859375
2014-04-24,1174.469970703125,1164.9000244140625
2014-04-25,1163.5799560546875,1169.989990234375
2014-04-28,1160.010009765625,1160.739990234375
2014-04-29,1160.739990234375,1160.739990234375
2014-04-30,1169.1500244140625,1162.43994140625
2014-05-01,1167.25,1182.199951171875
2014-05-02,1179.5699462890625,1182.47998046875
2014-05-06,1182.47998046875,1182.47998046875
2014-05-07,1171.010009765625,1152.010009765625
2014-05-08,1157.949951171875,1160.010009765625
2014-05-09,1154.47998046875,1165.510009765625
2014-05-12,1164.3299560546875,1157.9100341796875
2014-05-13,1175.0899658203125,1178.3499755859375
2014-05-14,1176.75,1183.1500244140625
2014-05-15,1173.18994140625,1178.2900390625
2014-05-16,1162.1700439453125,1159.0699462890625
2014-05-19,1159.0899658203125,1150.0699462890625
2014-05-20,1155.469970703125,1153.3800048828125
2014-05-21,1145.1700439453125,1150.050048828125
2014-05-22,1159.0999755859375,1169.3399658203125
2014-05-23,1175.3900146484375,1180.43994140625
2014-05-27,1194.3399658203125,1195.1099853515625
2014-05-28,1197.7099609375,1198.1700439453125
2014-05-29,1193.010009765625,1200.6800537109375
2014-05-30,1202.7099609375,1201.4100341796875
2014-06-02,1210.8199462890625,1220.469970703125
2014-06-03,1231.9000244140625,1228.5899658203125
2014-06-04,1231.56005859375,1233.949951171875
2014-06-05,1236.1700439453125,1232.75
2014-06-06,1237.5400390625,1234.5699462890625
2014-06-09,1243.010009765625,1234.780029296875
2014-06-10,1236.25,1228.72998046875
2014-06-11,1228.97998046875,1239.0699462890625
2014-06-12,1230.0699462890625,1237.75
2014-06-13,1227.5999755859375,1243.969970703125
2014-06-16,1241.8699951171875,1234.6800537109375
2014-06-17,1237.469970703125,1238.199951171875
2014-06-18,1240.9000244140625,1249.1500244140625
2014-06-19,1250.6099853515625,1269.0400390625
2014-06-20,1270.52001953125,1268.9200439453125
2014-06-23,1272.3199462890625,1267.47998046875
2014-06-24,1263.1099853515625,1268.5
2014-06-25,1263.8599853515625,1260.8299560546875
2014-06-26,1265.280029296875,1263.4300537109375
2014-06-27,1262.699951171875,1253.1500244140625
2014-06-30,1257.3299560546875,1262.56005859375
2014-07-01,1265.3199462890625,1276.0799560546875
2014-07-02,1283.010009765625,1280.780029296875
2014-07-03,1284.699951171875,1278.5899658203125
2014-07-07,1284.0799560546875,1279.8699951171875
2014-07-08,1273.510009765625,1275.699951171875
2014-07-09,1264.0899658203125,1270.8199462890625
2014-07-10,1272.3499755859375,1259.25
2014-07-11,1248.9599609375,1255.18994140625
2014-07-14,1256.8199462890625,1265.4599609375
2014-07-15,1271.6500244140625,1273.6800537109375
2014-07-16,1272.9200439453125,1273.5899658203125
2014-07-17,1277.4100341796875,1273.3800048828125
2014-07-18,1258.1700439453125,1263.2900390625
2014-07-21,1263.2900390625,1263.2900390625
2014-07-22,1269.489990234375,1273.27001953125
2014-07-23,1275.56005859375,1272.3900146484375
2014-07-24,1273.300048828125,1269.8599853515625
2014-07-25,1274.050048828125,1281.3499755859375
2014-07-28,1279.5699462890625,1286.0699462890625
2014-07-29,1287.6400146484375,1290.4100341796875
2014-07-30,1289.8499755859375,1292.239990234375
2014-07-31,1299.199951171875,1289.4200439453125
2014-08-01,1279.0899658203125,1281.300048828125
2014-08-04,1276.800048828125,1276.18994140625
2014-08-05,1278.449951171875,1263.530029296875
2014-08-06,1260.050048828125,1251.2900390625
2014-08-07,1251.6600341796875,1258.1199951171875
2014-08-08,1246.72998046875,1228.260009765625
2014-08-11,1247.22998046875,1252.510009765625
2014-08-12,1256.25,1257.68994140625
2014-08-13,1254.68994140625,1262.1300048828125
2014-08-14,1268.510009765625,1270.5
2014-08-15,1270.760009765625,1270.6800537109375
2014-08-18,1272.1400146484375,1271.260009765625
2014-08-19,1280.0999755859375,1280.2900390625
2014-08-20,1283.5400390625,1279.6400146484375
2014-08-21,1284.949951171875,1291.18994140625
2014-08-22,1296.02001953125,1286.0699462890625
2014-08-25,1291.199951171875,1291.31005859375
2014-08-26,1291.6199951171875,1285.010009765625
2014-08-27,1286.72998046875,1285.9200439453125
2014-08-28,1281.0799560546875,1280.739990234375
2014-08-29,1277.3499755859375,1277.969970703125
2014-09-02,1286.219970703125,1297.0
2014-09-03,1306.43994140625,1301.52001953125
2014-09-04,1301.06005859375,1296.3900146484375
2014-09-05,1303.9100341796875,1293.2099609375
2014-09-08,1298.5699462890625,1298.6400146484375
2014-09-09,1305.4100341796875,1299.6199951171875
2014-09-10,1294.1600341796875,1306.7900390625
2014-09-11,1314.6300048828125,1311.239990234375
2014-09-12,1311.0899658203125,1313.719970703125
2014-09-16,1311.56005859375,1310.8599853515625
2014-09-17,1312.52001953125,1304.9599609375
2014-09-18,1315.969970703125,1317.9100341796875
2014-09-19,1324.3399658203125,1331.9100341796875
2014-09-22,1333.6300048828125,1330.8800048828125
2014-09-24,1321.510009765625,1326.1800537109375
2014-09-25,1336.6500244140625,1346.4300537109375
2014-09-26,1321.8299560546875,1331.949951171875
2014-09-29,1340.489990234375,1337.300048828125
2014-09-30,1334.2099609375,1326.2900390625
2014-10-01,1325.550048828125,1318.2099609375
2014-10-02,1302.469970703125,1280.1500244140625
2014-10-03,1275.1700439453125,1282.5400390625
2014-10-06,1299.030029296875,1296.4000244140625
2014-10-07,1296.239990234375,1290.8900146484375
2014-10-08,1272.8900146484375,1274.8499755859375
2014-10-09,1279.81005859375,1260.780029296875
2014-10-10,1240.68994140625,1243.0899658203125
2014-10-14,1221.1099853515625,1214.27001953125
2014-10-15,1219.81005859375,1223.6700439453125
2014-10-16,1201.9000244140625,1195.5
2014-10-17,1197.949951171875,1177.219970703125
2014-10-20,1201.1700439453125,1224.3399658203125
2014-10-21,1227.47998046875,1205.3599853515625
2014-10-22,1224.5,1236.4100341796875
2014-10-23,1230.25,1232.3399658203125
2014-10-24,1249.3499755859375,1242.3199462890625
2014-10-27,1251.43994140625,1254.280029296875
2014-10-28,1251.6800537109375,1252.0
2014-10-29,1260.8299560546875,1270.6400146484375
2014-10-30,1273.6199951171875,1278.9000244140625
2014-10-31,1291.68994140625,1333.6400146484375
2014-11-04,1358.969970703125,1368.6500244140625
2014-11-05,1363.510009765625,1371.760009765625
2014-11-06,1375.8699951171875,1356.3499755859375
2014-11-07,1366.02001953125,1363.6700439453125
2014-11-10,1355.1400146484375,1360.1099853515625
2014-11-11,1365.27001953125,1375.2099609375
2014-11-12,1385.8900146484375,1377.050048828125
2014-11-13,1376.010009765625,1389.510009765625
2014-11-14,1401.1700439453125,1400.4100341796875
2014-11-17,1394.4599609375,1366.1300048828125
2014-11-18,1381.97998046875,1394.8800048828125
2014-11-19,1399.8299560546875,1396.5400390625
2014-11-20,1404.739990234375,1397.6400146484375
2014-11-21,1397.780029296875,1400.1800537109375
2014-11-25,1413.27001953125,1409.1500244140625
2014-11-26,1405.0699462890625,1406.4000244140625
2014-11-28,1397.22998046875,1410.3399658203125
2014-12-01,1413.5999755859375,1421.6500244140625
2014-12-02,1414.0,1427.8499755859375
2014-12-03,1435.97998046875,1429.75
2014-12-04,1441.4599609375,1440.5999755859375
2014-12-05,1438.9000244140625,1445.6700439453125
2014-12-08,1453.8900146484375,1447.5799560546875
2014-12-09,1436.1400146484375,1436.0899658203125
2014-12-10,1421.030029296875,1406.8299560546875
2014-12-11,1386.9599609375,1397.0400390625
2014-12-12,1394.969970703125,1399.6500244140625
2014-12-15,1383.050048828125,1379.2900390625
2014-12-16,1362.52001953125,1353.3699951171875
2014-12-17,1347.030029296875,1352.010009765625
2014-12-18,1377.77001953125,1376.3199462890625
2014-12-19,1399.9200439453125,1409.6099853515625
2014-12-22,1415.969970703125,1413.050048828125
2014-12-24,1428.27001953125,1426.02001953125
2014-12-26,1419.8900146484375,1427.5
2014-12-29,1433.800048828125,1424.6700439453125
2014-12-30,1423.97998046875,1407.510009765625
2015-01-05,1400.8699951171875,1401.0899658203125
2015-01-06,1377.530029296875,1361.1400146484375
2015-01-07,1353.4300537109375,1359.800048828125
2015-01-08,1374.9100341796875,1377.6700439453125
2015-01-09,1386.719970703125,1380.5799560546875
2015-01-13,1364.260009765625,1374.68994140625
2015-01-14,1365.530029296875,1357.97998046875
2015-01-15,1361.2900390625,1376.5999755859375
2015-01-16,1354.449951171875,1363.72998046875
2015-01-20,1376.5699462890625,1397.6300048828125
2015-01-21,1394.239990234375,1390.6099853515625
2015-01-22,1390.969970703125,1389.4300537109375
2015-01-23,1403.8800048828125,1403.219970703125
2015-01-26,1387.8199462890625,1402.0799560546875
2015-01-27,1414.530029296875,1426.3800048828125
2015-01-28,1414.3599853515625,1429.9200439453125
2015-01-29,1419.0,1413.5799560546875
2015-01-30,1425.6700439453125,1415.0699462890625
2015-02-02,1402.52001953125,1408.75
2015-02-03,1415.510009765625,1392.3900146484375
2015-02-04,1407.9200439453125,1417.0
2015-02-05,1417.18994140625,1410.1099853515625
2015-02-06,1422.6099853515625,1417.18994140625
2015-02-09,1429.9300537109375,1424.9200439453125
2015-02-10,1424.0999755859375,1427.719970703125
2015-02-12,1446.219970703125,1449.3900146484375
2015-02-13,1449.1199951171875,1449.3800048828125
2015-02-17,1455.7099609375,1462.0699462890625
2015-02-18,1473.8399658203125,1482.6700439453125
2015-02-19,1485.1800537109375,1494.9300537109375
2015-02-20,1499.469970703125,1500.3299560546875
2015-02-23,1510.9000244140625,1502.8299560546875
2015-02-24,1501.0899658203125,1508.280029296875
2015-02-25,1512.6600341796875,1507.6199951171875
2015-02-26,1505.3699951171875,1521.6800537109375
2015-02-27,1526.969970703125,1523.8499755859375
2015-03-02,1528.77001953125,1524.969970703125
2015-03-03,1531.6800537109375,1526.8299560546875
2015-03-04,1519.989990234375,1517.010009765625
2015-03-05,1515.010009765625,1523.719970703125
2015-03-06,1526.5400390625,1540.8399658203125
2015-03-09,1534.530029296875,1531.760009765625
2015-03-10,1539.25,1524.75
2015-03-11,1515.52001953125,1525.6700439453125
2015-03-12,1529.989990234375,1546.6300048828125
2015-03-13,1555.4300537109375,1560.3299560546875
2015-03-16,1559.010009765625,1558.2099609375
2015-03-17,1570.0999755859375,1570.5
2015-03-18,1570.93994140625,1582.4599609375
2015-03-19,1581.7900390625,1575.81005859375
2015-03-20,1577.25,1580.510009765625
2015-03-23,1586.3800048828125,1592.25
2015-03-24,1587.8800048828125,1587.5899658203125
2015-03-25,1588.510009765625,1592.010009765625
2015-03-26,1581.3499755859375,1568.8199462890625
2015-03-27,1557.239990234375,1552.780029296875
2015-03-30,1552.5899658203125,1557.77001953125
2015-03-31,1576.0999755859375,1543.1099853515625
2015-04-01,1536.699951171875,1528.989990234375
2015-04-02,1536.06005859375,1554.1700439453125
2015-04-06,1552.449951171875,1560.7099609375
2015-04-07,1572.719970703125,1578.550048828125
2015-04-08,1586.780029296875,1588.469970703125
2015-04-09,1592.489990234375,1594.18994140625
2015-04-10,1596.52001953125,1589.5400390625
2015-04-13,1591.6800537109375,1586.260009765625
2015-04-14,1583.0699462890625,1590.8199462890625
2015-04-15,1584.9100341796875,1588.81005859375
2015-04-16,1589.6300048828125,1599.4200439453125
2015-04-17,1594.8800048828125,1588.68994140625
2015-04-20,1574.9000244140625,1582.6800537109375
2015-04-21,1590.6400146484375,1608.8800048828125
2015-04-22,1613.8599853515625,1621.7900390625
2015-04-23,1631.1400146484375,1624.8699951171875
2015-04-24,1623.81005859375,1618.8399658203125
2015-04-27,1621.2900390625,1619.0699462890625
2015-04-28,1623.8900146484375,1627.4300537109375
2015-04-30,1612.5799560546875,1592.7900390625
2015-05-01,1587.0699462890625,1585.6099853515625
2015-05-07,1574.6099853515625,1574.6400146484375
2015-05-08,1576.780029296875,1587.760009765625
2015-05-11,1608.6700439453125,1598.3299560546875
2015-05-12,1600.02001953125,1602.27001953125
2015-05-13,1595.280029296875,1604.2099609375
2015-05-14,1597.4200439453125,1591.489990234375
2015-05-15,1601.050048828125,1607.1099853515625
2015-05-18,1612.3599853515625,1626.6600341796875
2015-05-19,1631.5,1633.3299560546875
2015-05-20,1644.4300537109375,1643.4000244140625
2015-05-21,1646.780029296875,1646.800048828125
2015-05-22,1647.9100341796875,1647.8499755859375
2015-05-26,1659.989990234375,1659.5699462890625
2015-05-27,1655.719970703125,1661.3299560546875
2015-05-28,1671.1400146484375,1672.760009765625
2015-05-29,1671.1400146484375,1673.6500244140625
2015-06-01,1662.550048828125,1678.56005859375
2015-06-02,1682.47998046875,1674.2099609375
2015-06-03,1668.489990234375,1669.989990234375
2015-06-04,1674.3800048828125,1673.8900146484375
2015-06-05,1664.449951171875,1667.06005859375
2015-06-08,1672.68994140625,1661.989990234375
2015-06-09,1649.0799560546875,1634.3699951171875
2015-06-10,1635.06005859375,1628.22998046875
2015-06-11,1640.27001953125,1648.8800048828125
2015-06-12,1653.550048828125,1651.47998046875
2015-06-15,1638.0999755859375,1651.9200439453125
2015-06-16,1646.0999755859375,1639.8599853515625
2015-06-17,1645.0,1633.699951171875
2015-06-18,1631.8499755859375,1616.6600341796875
2015-06-19,1630.1800537109375,1631.010009765625
2015-06-22,1630.8699951171875,1648.6099853515625
2015-06-23,1660.8900146484375,1676.4000244140625
2015-06-24,1683.4599609375,1679.8900146484375
2015-06-25,1671.3599853515625,1670.9100341796875
2015-06-26,1667.6800537109375,1667.030029296875
2015-06-29,1634.81005859375,1624.8199462890625
2015-06-30,1626.2099609375,1630.4000244140625
2015-07-01,1635.06005859375,1636.4100341796875
2015-07-02,1653.300048828125,1648.239990234375
2015-07-06,1626.7900390625,1620.3599853515625
2015-07-07,1638.8900146484375,1637.22998046875
2015-07-08,1630.4599609375,1582.47998046875
2015-07-09,1554.9000244140625,1579.8900146484375
2015-07-10,1585.969970703125,1583.550048828125
2015-07-13,1600.68994140625,1613.510009765625
2015-07-14,1637.1300048828125,1638.7099609375
2015-07-15,1646.4300537109375,1646.4100341796875
2015-07-16,1655.0799560546875,1660.8299560546875
2015-07-17,1662.52001953125,1662.93994140625
2015-07-21,1672.780029296875,1673.8800048828125
2015-07-22,1660.949951171875,1655.3699951171875
2015-07-23,1662.510009765625,1664.8800048828125
2015-07-24,1661.0,1655.8599853515625
2015-07-27,1644.18994140625,1637.9000244140625
2015-07-28,1620.489990234375,1629.4599609375
2015-07-29,1637.969970703125,1633.93994140625
2015-07-30,1645.9000244140625,1647.2099609375
2015-07-31,1651.1099853515625,1659.52001953125
2015-08-03,1659.6800537109375,1659.5999755859375
2015-08-04,1655.030029296875,1659.8299560546875
2015-08-05,1657.56005859375,1665.8499755859375
2015-08-06,1679.3900146484375,1673.5799560546875
2015-08-07,1670.2099609375,1679.18994140625
2015-08-10,1674.1199951171875,1691.2900390625
2015-08-11,1700.4599609375,1687.5999755859375
2015-08-12,1680.3199462890625,1665.75
2015-08-13,1659.260009765625,1667.949951171875
2015-08-14,1664.530029296875,1664.4599609375
2015-08-17,1670.8599853515625,1672.8699951171875
2015-08-18,1674.52001953125,1672.219970703125
2015-08-19,1665.1500244140625,1648.47998046875
2015-08-20,1642.27001953125,1623.8800048828125
2015-08-21,1594.68994140625,1573.010009765625
2015-08-24,1542.25,1480.8699951171875
2015-08-25,1450.97998046875,1432.6500244140625
2015-08-26,1442.550048828125,1478.969970703125
2015-08-27,1505.4200439453125,1500.4100341796875
2015-08-28,1529.8199462890625,1549.800048828125
2015-08-31,1541.8499755859375,1537.050048828125
2015-09-01,1526.6700439453125,1478.1099853515625
2015-09-02,1452.989990234375,1465.989990234375
2015-09-03,1486.1400146484375,1474.97998046875
2015-09-04,1484.8399658203125,1444.530029296875
2015-09-08,1447.469970703125,1416.7099609375
2015-09-09,1445.510009765625,1507.3699951171875
2015-09-10,1478.5400390625,1479.52001953125
2015-09-11,1467.06005859375,1480.22998046875
2015-09-14,1486.199951171875,1462.4100341796875
2015-09-15,1471.0400390625,1462.239990234375
2015-09-16,1479.6500244140625,1472.5999755859375
2015-09-17,1485.56005859375,1491.9100341796875
2015-09-18,1480.5999755859375,1462.3800048828125
2015-09-24,1443.2099609375,1426.969970703125
2015-09-25,1431.06005859375,1453.81005859375
2015-09-28,1447.1600341796875,1438.6700439453125
2015-09-29,1414.469970703125,1375.52001953125
2015-09-30,1396.9200439453125,1411.1600341796875
2015-10-01,1422.3599853515625,1442.739990234375
2015-10-02,1430.989990234375,1444.9200439453125
2015-10-05,1461.02001953125,1463.9200439453125
2015-10-06,1486.550048828125,1475.8399658203125
2015-10-07,1478.260009765625,1493.1700439453125
2015-10-08,1491.5699462890625,1481.4000244140625
2015-10-09,1494.3599853515625,1515.1300048828125
2015-10-13,1506.989990234375,1503.1300048828125
2015-10-14,1489.449951171875,1470.8299560546875
2015-10-15,1465.719970703125,1490.719970703125
2015-10-16,1504.2900390625,1505.8399658203125
2015-10-19,1505.1600341796875,1494.75
2015-10-20,1503.6400146484375,1499.280029296875
2015-10-21,1497.22998046875,1526.81005859375
2015-10-22,1516.6600341796875,1518.219970703125
2015-10-23,1545.3199462890625,1547.8399658203125
2015-10-26,1566.6099853515625,1558.989990234375
2015-10-27,1558.5400390625,1543.1099853515625
2015-10-28,1545.199951171875,1547.18994140625
2015-10-29,1558.0899658203125,1547.1099853515625
2015-10-30,1547.219970703125,1558.199951171875
2015-11-02,1539.43994140625,1526.969970703125
2015-11-04,1547.530029296875,1540.4300537109375
2015-11-05,1546.969970703125,1555.0999755859375
2015-11-06,1561.6600341796875,1563.5899658203125
2015-11-09,1575.8299560546875,1590.969970703125
2015-11-10,1575.719970703125,1589.47998046875
2015-11-11,1584.1600341796875,1595.3199462890625
2015-11-12,1591.27001953125,1593.5699462890625
2015-11-13,1577.030029296875,1585.8299560546875
2015-11-16,1559.3399658203125,1571.530029296875
2015-11-17,1590.9100341796875,1586.1099853515625
2015-11-18,1595.0899658203125,1586.530029296875
2015-11-19,1601.760009765625,1600.3800048828125
2015-11-20,1594.989990234375,1603.1800537109375
2015-11-24,1601.3499755859375,1605.93994140625
2015-11-25,1599.97998046875,1594.6700439453125
2015-11-27,1604.699951171875,1594.449951171875
2015-11-30,1593.0,1580.25
2015-12-01,1585.52001953125,1601.949951171875
2015-12-02,1600.8800048828125,1602.260009765625
2015-12-03,1600.3599853515625,1602.93994140625
2015-12-04,1576.6300048828125,1574.02001953125
2015-12-07,1588.760009765625,1585.2099609375
2015-12-08,1587.030029296875,1568.72998046875
2015-12-09,1560.8599853515625,1555.5799560546875
2015-12-10,1539.9599609375,1540.3499755859375
2015-12-11,1533.7900390625,1549.510009765625
2015-12-14,1521.510009765625,1527.8800048828125
2015-12-15,1527.5899658203125,1502.550048828125
2015-12-16,1525.75,1540.719970703125
2015-12-17,1565.949951171875,1564.7099609375
2015-12-18,1562.77001953125,1537.0999755859375
2015-12-21,1526.4200439453125,1531.280029296875
2015-12-22,1533.3199462890625,1533.5999755859375
2015-12-24,1546.56005859375,1523.6199951171875
2015-12-28,1521.5999755859375,1529.219970703125
2015-12-29,1527.5899658203125,1543.3900146484375
2015-12-30,1550.280029296875,1547.300048828125
2016-01-04,1532.530029296875,1509.6700439453125
2016-01-05,1504.68994140625,1504.7099609375
2016-01-06,1508.780029296875,1488.8399658203125
2016-01-07,1483.9000244140625,1457.93994140625
2016-01-08,1442.8499755859375,1447.3199462890625
2016-01-12,1429.52001953125,1401.949951171875
2016-01-13,1422.1700439453125,1442.0899658203125
2016-01-14,1415.050048828125,1406.550048828125
2016-01-15,1427.6500244140625,1402.449951171875
2016-01-19,1382.449951171875,1390.4100341796875
2016-01-20,1386.1600341796875,1338.969970703125
2016-01-21,1339.719970703125,1301.489990234375
2016-01-22,1327.9300537109375,1374.18994140625
2016-01-25,1393.8699951171875,1392.6300048828125
2016-01-26,1372.5699462890625,1360.22998046875
2016-01-27,1383.4100341796875,1400.699951171875
2016-01-28,1392.9300537109375,1392.0999755859375
2016-01-29,1400.72998046875,1432.0699462890625
2016-02-01,1448.0400390625,1462.6700439453125
2016-02-02,1449.010009765625,1452.0400390625
2016-02-03,1428.280029296875,1406.27001953125
2016-02-04,1392.4300537109375,1388.81005859375
2016-02-05,1368.6099853515625,1368.969970703125
2016-02-08,1351.68994140625,1380.4100341796875
2016-02-09,1352.8900146484375,1304.3299560546875
2016-02-10,1305.8699951171875,1264.9599609375
2016-02-12,1240.9200439453125,1196.280029296875
2016-02-16,1281.47998046875,1297.010009765625
2016-02-17,1294.3399658203125,1282.4000244140625
2016-02-18,1307.06005859375,1311.199951171875
2016-02-19,1298.8299560546875,1291.8199462890625
2016-02-22,1281.739990234375,1300.0
2016-02-23,1309.010009765625,1291.1700439453125
2016-02-24,1274.3699951171875,1284.530029296875
2016-02-25,1289.6400146484375,1307.5400390625
2016-02-26,1320.1400146484375,1311.27001953125
2016-02-29,1325.6300048828125,1297.8499755859375
2016-03-01,1295.1600341796875,1300.8299560546875
2016-03-02,1325.530029296875,1349.6099853515625
2016-03-03,1348.3199462890625,1369.050048828125
2016-03-04,1366.72998046875,1375.3499755859375
2016-03-07,1373.780029296875,1361.9000244140625
2016-03-08,1357.780029296875,1347.719970703125
2016-03-09,1334.8900146484375,1332.3299560546875
2016-03-10,1344.949951171875,1352.1700439453125
2016-03-11,1334.7099609375,1359.3199462890625
2016-03-14,1375.6099853515625,1379.949951171875
2016-03-15,1377.5400390625,1372.0799560546875
2016-03-16,1361.8299560546875,1360.5
2016-03-17,1369.3800048828125,1358.969970703125
2016-03-18,1354.550048828125,1345.050048828125
2016-03-22,1359.989990234375,1369.9300537109375
2016-03-23,1371.2900390625,1364.199951171875
2016-03-24,1360.0699462890625,1354.6099853515625
2016-03-28,1375.1600341796875,1381.8499755859375
2016-03-29,1367.8599853515625,1377.5999755859375
2016-03-30,1373.1800537109375,1356.2900390625
2016-03-31,1363.1199951171875,1347.199951171875
2016-04-01,1343.239990234375,1301.4000244140625
2016-04-04,1296.780029296875,1302.7099609375
2016-04-05,1295.2099609375,1268.3699951171875
2016-04-06,1266.18994140625,1267.75
2016-04-07,1267.3299560546875,1272.6400146484375
2016-04-08,1255.0699462890625,1287.68994140625
2016-04-11,1281.6400146484375,1279.7900390625
2016-04-12,1278.260009765625,1299.3499755859375
2016-04-13,1316.030029296875,1332.43994140625
2016-04-14,1352.030029296875,1371.3499755859375
2016-04-15,1353.47998046875,1361.4000244140625
2016-04-18,1334.489990234375,1320.1500244140625
2016-04-19,1345.02001953125,1363.030029296875
2016-04-20,1375.1099853515625,1365.780029296875
2016-04-21,1386.760009765625,1393.6800537109375
2016-04-22,1380.9200439453125,1407.5
2016-04-25,1412.800048828125,1401.8299560546875
2016-04-26,1394.510009765625,1391.68994140625
2016-04-27,1391.6800537109375,1384.300048828125
2016-04-28,1396.6500244140625,1340.550048828125
2016-05-02,1316.5699462890625,1299.9599609375
2016-05-06,1305.4000244140625,1298.3199462890625
2016-05-09,1308.1099853515625,1306.6600341796875
2016-05-10,1310.9200439453125,1334.9000244140625
2016-05-11,1347.949951171875,1334.300048828125
2016-05-12,1321.800048828125,1337.27001953125
2016-05-13,1343.47998046875,1320.18994140625
2016-05-16,1318.1500244140625,1321.6500244140625
2016-05-17,1330.52001953125,1335.8499755859375
2016-05-18,1333.5899658203125,1338.3800048828125
2016-05-19,1349.300048828125,1336.56005859375
2016-05-20,1331.969970703125,1343.4000244140625
2016-05-23,1337.550048828125,1338.6800537109375
2016-05-24,1334.1099853515625,1326.5
2016-05-25,1345.4300537109375,1342.8800048828125
2016-05-26,1355.72998046875,1342.8699951171875
2016-05-27,1347.6800537109375,1349.9300537109375
2016-05-31,1362.6300048828125,1379.800048828125
2016-06-01,1369.9599609375,1362.0699462890625
2016-06-02,1351.75,1331.81005859375
2016-06-03,1333.4200439453125,1337.22998046875
2016-06-06,1317.3299560546875,1332.4300537109375
2016-06-07,1336.2900390625,1340.77001953125
2016-06-08,1344.0699462890625,1350.969970703125
2016-06-09,1343.9599609375,1337.4100341796875
2016-06-10,1335.81005859375,1330.719970703125
2016-06-13,1307.969970703125,1284.5400390625
2016-06-14,1279.4599609375,1271.9300537109375
2016-06-15,1267.5799560546875,1277.1099853515625
2016-06-16,1273.2900390625,1241.56005859375
2016-06-17,1256.8499755859375,1250.8299560546875
2016-06-20,1269.81005859375,1279.18994140625
2016-06-21,1269.9599609375,1293.9000244140625
2016-06-22,1289.8699951171875,1284.6099853515625
2016-06-23,1285.719970703125,1298.7099609375
2016-06-24,1307.8399658203125,1204.47998046875
2016-06-27,1216.699951171875,1225.760009765625
2016-06-28,1208.5699462890625,1224.6199951171875
2016-06-29,1241.27001953125,1247.68994140625
2016-06-30,1262.4200439453125,1245.8199462890625
2016-07-01,1254.8699951171875,1254.43994140625
2016-07-05,1256.8699951171875,1256.6400146484375
2016-07-06,1237.3299560546875,1234.199951171875
2016-07-07,1230.780029296875,1226.0899658203125
2016-07-08,1228.969970703125,1209.8800048828125
2016-07-11,1231.260009765625,1255.7900390625
2016-07-12,1276.1199951171875,1285.72998046875
2016-07-13,1305.8399658203125,1300.260009765625
2016-07-14,1301.1300048828125,1311.1600341796875
2016-07-15,1315.4300537109375,1317.0999755859375
2016-07-19,1326.06005859375,1331.3900146484375
2016-07-20,1325.9200439453125,1330.75
2016-07-21,1344.4000244140625,1339.3900146484375
2016-07-22,1322.0999755859375,1327.510009765625
2016-07-25,1330.5899658203125,1325.3599853515625
2016-07-26,1316.97998046875,1306.93994140625
2016-07-27,1316.530029296875,1321.6700439453125
2016-07-28,1313.760009765625,1307.0
2016-07-29,1303.68994140625,1322.739990234375
2016-08-01,1308.300048828125,1321.8299560546875
2016-08-02,1308.739990234375,1300.199951171875
2016-08-03,1282.4300537109375,1271.97998046875
2016-08-04,1276.68994140625,1282.989990234375
2016-08-05,1285.199951171875,1279.9000244140625
2016-08-08,1295.6099853515625,1305.530029296875
2016-08-09,1305.27001953125,1317.489990234375
2016-08-10,1311.97998046875,1314.8299560546875
2016-08-12,1325.3199462890625,1323.219970703125
2016-08-15,1319.0699462890625,1316.6300048828125
2016-08-16,1318.52001953125,1298.469970703125
2016-08-17,1297.4000244140625,1311.1300048828125
2016-08-18,1302.2900390625,1290.7900390625
2016-08-19,1296.260009765625,1295.6700439453125
2016-08-22,1300.3499755859375,1303.6800537109375
2016-08-23,1299.719970703125,1297.56005859375
2016-08-24,1305.3499755859375,1306.7099609375
2016-08-25,1306.4300537109375,1304.27001953125
2016-08-26,1299.3199462890625,1287.9000244140625
2016-08-29,1309.1700439453125,1313.239990234375
2016-08-30,1310.0899658203125,1312.81005859375
2016-08-31,1323.8900146484375,1329.5400390625
2016-09-01,1330.77001953125,1337.3800048828125
2016-09-02,1335.550048828125,1340.760009765625
2016-09-06,1344.8699951171875,1352.5799560546875
2016-09-07,1340.3299560546875,1349.530029296875
2016-09-08,1346.3299560546875,1345.949951171875
2016-09-09,1345.449951171875,1343.8599853515625
2016-09-12,1325.3299560546875,1323.0999755859375
2016-09-13,1328.3199462890625,1322.989990234375
2016-09-14,1314.4300537109375,1314.739990234375
2016-09-15,1306.5400390625,1301.1099853515625
2016-09-16,1304.75,1311.5
2016-09-20,1305.1700439453125,1316.969970703125
2016-09-21,1316.6400146484375,1352.6700439453125
2016-09-23,1347.8499755859375,1349.56005859375
2016-09-26,1347.1400146484375,1335.8399658203125
2016-09-27,1321.3699951171875,1349.219970703125
2016-09-28,1333.77001953125,1330.77001953125
2016-09-29,1340.6199951171875,1343.25
2016-09-30,1323.22998046875,1322.780029296875
2016-10-03,1332.1400146484375,1330.719970703125
2016-10-04,1334.0999755859375,1340.2099609375
2016-10-05,1345.239990234375,1347.81005859375
2016-10-06,1355.43994140625,1353.9300537109375
2016-10-07,1352.9000244140625,1350.6099853515625
2016-10-11,1353.9000244140625,1356.3499755859375
2016-10-12,1342.52001953125,1342.3499755859375
2016-10-13,1348.2099609375,1342.31005859375
2016-10-14,1341.1400146484375,1347.18994140625
2016-10-17,1346.239990234375,1352.56005859375
2016-10-18,1350.06005859375,1356.5699462890625
2016-10-19,1355.5999755859375,1357.199951171875
2016-10-20,1356.27001953125,1370.800048828125
2016-10-21,1372.6400146484375,1365.2900390625
2016-10-24,1366.6199951171875,1367.6099853515625
2016-10-25,1372.449951171875,1377.3199462890625
2016-10-26,1375.489990234375,1382.699951171875
2016-10-27,1381.0999755859375,1382.010009765625
2016-10-28,1389.800048828125,1392.4100341796875
2016-10-31,1387.3199462890625,1393.02001953125
2016-11-01,1391.969970703125,1393.18994140625
2016-11-02,1376.6800537109375,1368.43994140625
2016-11-04,1353.800048828125,1347.0400390625
2016-11-07,1363.8900146484375,1362.800048828125
2016-11-08,1367.5699462890625,1363.489990234375
2016-11-09,1372.3399658203125,1301.1600341796875
2016-11-10,1326.8499755859375,1376.3499755859375
2016-11-11,1387.47998046875,1378.280029296875
2016-11-14,1386.9599609375,1400.0
2016-11-15,1403.0899658203125,1402.97998046875
2016-11-16,1416.8199462890625,1421.6500244140625
2016-11-17,1413.5899658203125,1423.0799560546875
2016-11-18,1435.31005859375,1428.4599609375
2016-11-21,1435.489990234375,1442.9300537109375
2016-11-22,1441.760009765625,1447.5
2016-11-25,1463.9200439453125,1464.530029296875
2016-11-28,1457.8900146484375,1469.5799560546875
2016-11-29,1462.3800048828125,1468.5699462890625
2016-11-30,1471.81005859375,1469.4300537109375
2016-12-01,1486.0799560546875,1483.27001953125
2016-12-02,1480.239990234375,1477.97998046875
2016-12-05,1470.4200439453125,1466.9599609375
2016-12-06,1481.3499755859375,1477.199951171875
2016-12-07,1484.1600341796875,1490.6199951171875
2016-12-08,1505.3399658203125,1512.68994140625
2016-12-09,1512.97998046875,1525.3599853515625
2016-12-12,1537.9000244140625,1531.4300537109375
2016-12-13,1525.8699951171875,1540.25
2016-12-14,1541.280029296875,1538.68994140625
2016-12-15,1543.3699951171875,1542.719970703125
2016-12-16,1553.4599609375,1550.6700439453125
2016-12-19,1546.0899658203125,1549.06005859375
2016-12-20,1546.469970703125,1552.3599853515625
2016-12-21,1555.31005859375,1544.93994140625
2016-12-22,1542.31005859375,1543.8199462890625
2016-12-27,1534.3699951171875,1536.219970703125
2016-12-28,1536.469970703125,1536.800048828125
2016-12-29,1529.3299560546875,1518.3900146484375
2016-12-30,1509.56005859375,1518.6099853515625
2017-01-04,1533.0400390625,1554.47998046875
2017-01-05,1558.06005859375,1555.6800537109375
2017-01-06,1541.6600341796875,1553.3199462890625
2017-01-10,1550.6700439453125,1542.31005859375
2017-01-11,1548.1800537109375,1550.4000244140625
2017-01-12,1544.6300048828125,1535.4100341796875
2017-01-13,1534.1800537109375,1544.8900146484375
2017-01-17,1525.8699951171875,1509.0999755859375
2017-01-18,1503.1400146484375,1513.8599853515625
2017-01-19,1528.8399658203125,1528.1500244140625
2017-01-20,1527.4000244140625,1533.4599609375
2017-01-23,1519.27001953125,1514.6300048828125
2017-01-24,1508.3800048828125,1506.3299560546875
2017-01-25,1526.5899658203125,1521.5799560546875
2017-01-26,1536.5999755859375,1545.010009765625
2017-01-27,1551.5799560546875,1549.25
2017-01-30,1542.6199951171875,1543.77001953125
2017-01-31,1526.06005859375,1521.6700439453125
2017-02-01,1511.260009765625,1527.77001953125
2017-02-02,1530.0799560546875,1510.4100341796875
2017-02-03,1515.8299560546875,1514.989990234375
2017-02-06,1528.8900146484375,1520.4200439453125
2017-02-07,1510.47998046875,1516.1500244140625
2017-02-08,1518.9300537109375,1524.1500244140625
2017-02-09,1518.18994140625,1513.550048828125
2017-02-10,1535.75,1546.56005859375
2017-02-13,1558.719970703125,1554.199951171875
2017-02-14,1559.219970703125,1539.1199951171875
2017-02-15,1554.050048828125,1553.68994140625
2017-02-16,1554.1700439453125,1551.0699462890625
2017-02-17,1542.8399658203125,1544.5400390625
2017-02-21,1547.8699951171875,1555.5999755859375
2017-02-22,1559.43994140625,1557.0899658203125
2017-02-23,1556.6800537109375,1556.25
2017-02-24,1547.0799560546875,1550.1400146484375
2017-02-27,1537.75,1534.0
2017-02-28,1542.3900146484375,1535.3199462890625
2017-03-01,1543.1099853515625,1553.0899658203125
2017-03-02,1572.3199462890625,1564.68994140625
2017-03-03,1562.5,1558.050048828125
2017-03-06,1554.199951171875,1554.9000244140625
2017-03-07,1553.22998046875,1555.0400390625
2017-03-08,1552.93994140625,1550.25
2017-03-09,1556.989990234375,1554.6800537109375
2017-03-10,1567.0699462890625,1574.010009765625
2017-03-13,1570.3299560546875,1577.4000244140625
2017-03-14,1577.1500244140625,1574.9000244140625
2017-03-15,1568.3699951171875,1571.31005859375
2017-03-16,1561.6500244140625,1572.68994140625
2017-03-17,1565.4200439453125,1565.8499755859375
2017-03-21,1560.6199951171875,1563.4200439453125
2017-03-22,1540.260009765625,1530.199951171875
2017-03-23,1528.4599609375,1530.4100341796875
2017-03-24,1530.050048828125,1543.9200439453125
2017-03-27,1529.260009765625,1524.3900146484375
2017-03-28,1537.5,1544.8299560546875
2017-03-29,1544.1800537109375,1542.0699462890625
2017-03-30,1537.760009765625,1527.5899658203125
2017-03-31,1537.300048828125,1512.5999755859375
2017-04-03,1518.9000244140625,1517.030029296875
2017-04-04,1513.27001953125,1504.5400390625
2017-04-05,1509.9000244140625,1504.6600341796875
2017-04-06,1496.739990234375,1480.1800537109375
2017-04-07,1491.1400146484375,1489.77001953125
2017-04-10,1500.550048828125,1499.6500244140625
2017-04-11,1492.300048828125,1495.0999755859375
2017-04-12,1482.4100341796875,1479.5400390625
2017-04-13,1465.969970703125,1468.31005859375
2017-04-17,1452.1500244140625,1465.68994140625
2017-04-18,1477.3399658203125,1471.530029296875
2017-04-19,1464.1800537109375,1471.4200439453125
2017-04-20,1473.1500244140625,1472.81005859375
2017-04-21,1485.6400146484375,1488.5799560546875
2017-04-24,1507.800048828125,1503.18994140625
2017-04-25,1502.4300537109375,1519.2099609375
2017-04-26,1529.9599609375,1537.4100341796875
2017-04-27,1531.9100341796875,1536.6700439453125
2017-04-28,1536.3800048828125,1531.800048828125
2017-05-01,1531.449951171875,1539.77001953125
2017-05-02,1542.5699462890625,1550.300048828125
2017-05-08,1569.1500244140625,1585.8599853515625
2017-05-09,1585.77001953125,1581.77001953125
2017-05-10,1584.3800048828125,1585.18994140625
2017-05-11,1587.6099853515625,1586.8599853515625
2017-05-12,1585.1600341796875,1580.7099609375
2017-05-15,1572.1099853515625,1580.0
2017-05-16,1587.7900390625,1584.22998046875
2017-05-17,1575.77001953125,1575.8199462890625
2017-05-18,1554.25,1555.010009765625
2017-05-19,1557.719970703125,1559.72998046875
2017-05-22,1566.6400146484375,1567.6500244140625
2017-05-23,1566.4000244140625,1565.219970703125
2017-05-24,1577.6500244140625,1575.1099853515625
2017-05-25,1573.93994140625,1578.4200439453125
2017-05-26,1577.239990234375,1569.4200439453125
2017-05-30,1569.800048828125,1572.6700439453125
2017-05-31,1568.219970703125,1568.3699951171875
2017-06-01,1570.469970703125,1586.1400146484375
2017-06-02,1594.6099853515625,1612.199951171875
2017-06-05,1605.3900146484375,1609.969970703125
2017-06-06,1606.5999755859375,1596.43994140625
2017-06-07,1594.4200439453125,1597.0899658203125
2017-06-08,1602.530029296875,1590.4100341796875
2017-06-09,1589.6600341796875,1591.6600341796875
2017-06-12,1588.3499755859375,1591.550048828125
2017-06-13,1589.0799560546875,1593.510009765625
2017-06-14,1599.3399658203125,1591.77001953125
2017-06-15,1586.989990234375,1588.0899658203125
2017-06-16,1595.510009765625,1596.0400390625
2017-06-19,1597.2099609375,1606.0699462890625
2017-06-20,1619.489990234375,1617.25
2017-06-21,1614.72998046875,1611.56005859375
2017-06-22,1612.7099609375,1610.3800048828125
2017-06-23,1612.3499755859375,1611.3399658203125
2017-06-26,1611.2900390625,1612.2099609375
2017-06-27,1618.6300048828125,1619.02001953125
2017-06-28,1616.030029296875,1614.3699951171875
2017-06-29,1626.3699951171875,1624.0699462890625
2017-06-30,1611.0799560546875,1611.9000244140625
2017-07-03,1613.6500244140625,1614.4100341796875
2017-07-05,1608.56005859375,1618.6300048828125
2017-07-06,1618.030029296875,1615.530029296875
2017-07-07,1604.219970703125,1607.06005859375
2017-07-10,1617.3800048828125,1615.47998046875
2017-07-11,1616.0400390625,1627.1400146484375
2017-07-12,1622.6199951171875,1619.3399658203125
2017-07-13,1625.4300537109375,1619.1099853515625
2017-07-14,1623.7900390625,1625.47998046875
2017-07-18,1621.2099609375,1620.47998046875
2017-07-19,1616.8499755859375,1621.8699951171875
2017-07-20,1623.9000244140625,1633.010009765625
2017-07-21,1629.3499755859375,1629.989990234375
2017-07-24,1619.22998046875,1621.5699462890625
2017-07-25,1621.4200439453125,1617.0699462890625
2017-07-26,1628.199951171875,1620.8800048828125
2017-07-27,1620.3900146484375,1626.8399658203125
2017-07-28,1624.219970703125,1621.219970703125
2017-07-31,1618.989990234375,1618.6099853515625
2017-08-01,1619.1300048828125,1628.5
2017-08-02,1635.0,1634.3800048828125
2017-08-03,1634.030029296875,1633.8199462890625
2017-08-04,1628.9599609375,1631.449951171875
2017-08-07,1640.469970703125,1639.27001953125
2017-08-08,1640.56005859375,1635.3199462890625
2017-08-09,1630.1500244140625,1617.9000244140625
2017-08-10,1619.6400146484375,1617.25
2017-08-14,1602.1800537109375,1599.06005859375
2017-08-15,1611.93994140625,1616.2099609375
2017-08-16,1616.030029296875,1616.0
2017-08-17,1614.6199951171875,1614.8199462890625
2017-08-18,1595.8499755859375,1597.3599853515625
2017-08-21,1601.02001953125,1595.18994140625
2017-08-22,1594.3399658203125,1596.1199951171875
2017-08-23,1610.7900390625,1600.050048828125
2017-08-24,1595.8900146484375,1592.199951171875
2017-08-25,1596.0400390625,1596.989990234375
2017-08-28,1600.699951171875,1600.1199951171875
2017-08-29,1589.2900390625,1597.760009765625
2017-08-30,1606.1500244140625,1607.6500244140625
2017-08-31,1614.6300048828125,1617.4100341796875
2017-09-01,1624.3699951171875,1619.5899658203125
2017-09-05,1605.1099853515625,1590.7099609375
2017-09-06,1580.77001953125,1592.0
2017-09-07,1598.5899658203125,1598.239990234375
2017-09-08,1593.6099853515625,1593.5400390625
2017-09-11,1607.68994140625,1612.260009765625
2017-09-12,1626.8699951171875,1627.449951171875
2017-09-13,1636.22998046875,1637.3299560546875
2017-09-14,1637.5400390625,1632.1300048828125
2017-09-15,1629.1199951171875,1638.93994140625
2017-09-19,1655.8900146484375,1667.8800048828125
2017-09-20,1665.8399658203125,1667.9200439453125
2017-09-21,1678.1500244140625,1668.739990234375
2017-09-22,1672.6099853515625,1664.6099853515625
2017-09-25,1674.3299560546875,1672.8199462890625
2017-09-26,1670.0699462890625,1672.739990234375
2017-09-27,1664.3499755859375,1664.4300537109375
2017-09-28,1675.27001953125,1676.1700439453125
2017-09-29,1672.31005859375,1674.75
2017-10-02,1677.77001953125,1673.6199951171875
2017-10-03,1680.27001953125,1684.4599609375
2017-10-04,1687.4100341796875,1684.56005859375
2017-10-05,1685.9599609375,1682.489990234375
2017-10-06,1688.1400146484375,1687.1600341796875
2017-10-10,1684.6600341796875,1695.1400146484375
2017-10-11,1693.6199951171875,1696.81005859375
2017-10-12,1703.1500244140625,1700.1300048828125
2017-10-13,1697.9300537109375,1708.6199951171875
2017-10-16,1713.3299560546875,1719.1800537109375
2017-10-17,1727.0899658203125,1723.3699951171875
2017-10-18,1724.81005859375,1724.6400146484375
2017-10-19,1730.3199462890625,1730.0400390625
2017-10-20,1724.469970703125,1730.6400146484375
2017-10-23,1747.72998046875,1745.25
2017-10-24,1743.989990234375,1756.9200439453125
2017-10-25,1763.8800048828125,1751.4300537109375
2017-10-26,1750.010009765625,1753.9000244140625
2017-10-27,1763.739990234375,1771.050048828125
2017-10-30,1770.93994140625,1770.8399658203125
2017-10-31,1763.449951171875,1765.9599609375
2017-11-01,1775.989990234375,1786.7099609375
2017-11-02,1792.97998046875,1794.0799560546875
2017-11-06,1798.02001953125,1792.6600341796875
2017-11-07,1790.5400390625,1813.2900390625
2017-11-08,1809.0699462890625,1817.5999755859375
2017-11-09,1822.9300537109375,1813.1099853515625
2017-11-10,1790.3900146484375,1800.43994140625
2017-11-13,1798.0400390625,1783.489990234375
2017-11-14,1781.6099853515625,1778.8699951171875
2017-11-15,1768.5799560546875,1744.010009765625
2017-11-16,1738.260009765625,1761.7099609375
2017-11-17,1778.1099853515625,1763.760009765625
2017-11-20,1756.3800048828125,1759.6500244140625
2017-11-21,1771.68994140625,1771.1300048828125
2017-11-22,1782.3900146484375,1777.0799560546875
2017-11-24,1769.4100341796875,1780.56005859375
2017-11-27,1787.93994140625,1776.72998046875
2017-11-28,1775.1800537109375,1772.0699462890625
2017-11-29,1783.9100341796875,1786.1500244140625
2017-11-30,1787.3699951171875,1792.0799560546875
2017-12-01,1804.800048828125,1796.530029296875
2017-12-04,1801.5,1786.8699951171875
2017-12-05,1780.4599609375,1790.969970703125
2017-12-06,1784.7900390625,1765.4200439453125
2017-12-07,1774.800048828125,1786.25
2017-12-08,1781.5,1803.72998046875
2017-12-11,1809.1600341796875,1813.3399658203125
2017-12-12,1814.3399658203125,1815.0799560546875
2017-12-13,1817.550048828125,1810.8399658203125
2017-12-14,1808.6300048828125,1808.1400146484375
2017-12-15,1801.8499755859375,1793.469970703125
2017-12-18,1807.5,1817.9000244140625
2017-12-19,1820.8800048828125,1815.1800537109375
2017-12-20,1815.5400390625,1821.1600341796875
2017-12-21,1819.5,1822.6099853515625
2017-12-22,1823.469970703125,1829.0799560546875
2017-12-26,1831.1400146484375,1827.010009765625
2017-12-27,1825.3299560546875,1829.7900390625
2017-12-28,1829.27001953125,1819.030029296875
2017-12-29,1822.239990234375,1817.56005859375
2018-01-04,1841.199951171875,1863.8199462890625
2018-01-05,1873.8199462890625,1880.3399658203125
2018-01-09,1895.0799560546875,1889.2900390625
2018-01-10,1888.8299560546875,1892.1099853515625
2018-01-11,1882.7099609375,1888.0899658203125
2018-01-12,1886.47998046875,1876.239990234375
2018-01-16,1883.8699951171875,1894.25
2018-01-17,1883.9200439453125,1890.8199462890625
2018-01-18,1906.3900146484375,1876.8599853515625
2018-01-19,1885.1500244140625,1889.739990234375
2018-01-22,1890.780029296875,1891.9200439453125
2018-01-23,1900.260009765625,1911.0699462890625
2018-01-24,1904.8299560546875,1901.22998046875
2018-01-25,1887.5899658203125,1884.56005859375
2018-01-26,1889.4599609375,1879.3900146484375
2018-01-29,1881.3800048828125,1880.449951171875
2018-01-30,1878.72998046875,1858.1300048828125
2018-01-31,1850.18994140625,1836.7099609375
2018-02-01,1849.530029296875,1870.43994140625
2018-02-02,1863.8199462890625,1864.199951171875
2018-02-05,1837.56005859375,1823.739990234375
2018-02-06,1788.8499755859375,1743.4100341796875
2018-02-07,1775.4200439453125,1749.9100341796875
2018-02-08,1758.8399658203125,1765.68994140625
2018-02-09,1733.02001953125,1731.969970703125
2018-02-13,1751.22998046875,1716.780029296875
2018-02-14,1719.1600341796875,1702.719970703125
2018-02-15,1719.8299560546875,1719.27001953125
2018-02-16,1729.1700439453125,1737.3699951171875
2018-02-20,1767.9599609375,1762.449951171875
2018-02-21,1764.6700439453125,1761.6099853515625
2018-02-22,1749.8499755859375,1746.1700439453125
2018-02-23,1749.75,1760.530029296875
2018-02-26,1774.760009765625,1774.81005859375
2018-02-27,1790.6199951171875,1790.3399658203125
2018-02-28,1783.8800048828125,1768.239990234375
2018-03-01,1754.4300537109375,1740.199951171875
2018-03-02,1711.4599609375,1708.3399658203125
2018-03-05,1697.1099853515625,1694.7900390625
2018-03-06,1718.969970703125,1716.300048828125
2018-03-07,1705.6300048828125,1703.9599609375
2018-03-08,1720.0,1709.949951171875
2018-03-09,1726.989990234375,1715.47998046875
2018-03-12,1740.6700439453125,1741.300048828125
2018-03-13,1734.31005859375,1751.030029296875
2018-03-14,1738.719970703125,1743.2099609375
2018-03-15,1737.5699462890625,1743.5999755859375
2018-03-16,1747.27001953125,1736.6300048828125
2018-03-19,1729.5999755859375,1719.969970703125
2018-03-20,1708.030029296875,1716.2900390625
2018-03-22,1711.02001953125,1727.3900146484375
2018-03-23,1696.3399658203125,1664.93994140625
2018-03-26,1649.5999755859375,1671.3199462890625
2018-03-27,1687.18994140625,1717.1300048828125
2018-03-28,1683.56005859375,1699.56005859375
2018-03-29,1713.31005859375,1704.0
2018-04-02,1716.3199462890625,1708.780029296875
2018-04-03,1690.3499755859375,1703.800048828125
2018-04-04,1710.0400390625,1706.1300048828125
2018-04-05,1719.81005859375,1724.6099853515625
2018-04-06,1723.5899658203125,1719.300048828125
2018-04-09,1716.280029296875,1725.8800048828125
2018-04-10,1720.969970703125,1731.93994140625
2018-04-11,1735.72998046875,1725.300048828125
2018-04-12,1723.510009765625,1718.52001953125
2018-04-13,1728.1500244140625,1729.3599853515625
2018-04-16,1732.0899658203125,1736.219970703125
2018-04-17,1733.3800048828125,1729.97998046875
2018-04-18,1733.739990234375,1749.6700439453125
2018-04-19,1756.5699462890625,1750.1800537109375
2018-04-20,1748.4100341796875,1751.1300048828125
2018-04-23,1753.1600341796875,1750.7900390625
2018-04-24,1762.8699951171875,1769.75
2018-04-25,1758.81005859375,1767.72998046875
2018-04-26,1772.9000244140625,1772.1300048828125
2018-04-27,1778.56005859375,1777.22998046875
2018-05-01,1774.3599853515625,1774.1800537109375
2018-05-02,1776.8900146484375,1771.52001953125
2018-05-07,1774.260009765625,1773.1800537109375
2018-05-08,1772.3699951171875,1779.8199462890625
2018-05-09,1776.5899658203125,1772.9100341796875
2018-05-10,1777.219970703125,1777.6199951171875
2018-05-11,1781.4200439453125,1794.9599609375
2018-05-14,1792.949951171875,1805.9200439453125
2018-05-15,1808.699951171875,1805.1500244140625
2018-05-16,1799.1500244140625,1800.3499755859375
2018-05-17,1807.469970703125,1808.3699951171875
2018-05-18,1812.9100341796875,1815.25
2018-05-21,1815.22998046875,1813.75
2018-05-22,1813.4100341796875,1809.5699462890625
2018-05-23,1803.6700439453125,1797.31005859375
2018-05-24,1790.77001953125,1775.6500244140625
2018-05-25,1770.02001953125,1771.699951171875
2018-05-29,1766.7099609375,1761.8499755859375
2018-05-30,1738.5400390625,1736.1300048828125
2018-05-31,1746.9200439453125,1747.449951171875
2018-06-01,1742.6500244140625,1749.1700439453125
2018-06-04,1765.77001953125,1774.68994140625
2018-06-05,1779.56005859375,1774.9599609375
2018-06-06,1774.8900146484375,1777.5899658203125
2018-06-07,1786.6099853515625,1789.010009765625
2018-06-08,1782.06005859375,1781.43994140625
2018-06-11,1781.4599609375,1786.8399658203125
2018-06-12,1798.97998046875,1792.8199462890625
2018-06-13,1794.4300537109375,1800.3699951171875
2018-06-14,1791.6500244140625,1783.8900146484375
2018-06-15,1793.52001953125,1789.0400390625
2018-06-18,1784.3699951171875,1771.4300537109375
2018-06-19,1763.4599609375,1743.9200439453125
2018-06-20,1745.010009765625,1752.75
2018-06-21,1750.68994140625,1750.6300048828125
2018-06-22,1734.43994140625,1744.8299560546875
2018-06-25,1747.8399658203125,1728.27001953125
2018-06-26,1717.27001953125,1731.0699462890625
2018-06-27,1730.47998046875,1731.449951171875
2018-06-28,1726.2900390625,1727.0
2018-06-29,1729.7099609375,1730.8900146484375
2018-07-02,1725.550048828125,1695.2900390625
2018-07-03,1701.199951171875,1692.800048828125
2018-07-05,1690.1199951171875,1676.199951171875
2018-07-06,1685.5,1691.5400390625
2018-07-09,1697.06005859375,1711.7900390625
2018-07-10,1723.8399658203125,1716.1300048828125
2018-07-11,1703.52001953125,1701.8800048828125
2018-07-12,1708.0799560546875,1709.6800537109375
2018-07-13,1721.010009765625,1730.0699462890625
2018-07-17,1734.56005859375,1745.050048828125
2018-07-18,1759.8800048828125,1751.2099609375
2018-07-19,1754.25,1749.5899658203125
2018-07-20,1747.47998046875,1744.97998046875
2018-07-23,1736.0999755859375,1738.699951171875
2018-07-24,1749.0999755859375,1746.8599853515625
2018-07-25,1752.6199951171875,1753.47998046875
2018-07-26,1766.9100341796875,1765.780029296875
2018-07-27,1770.469970703125,1775.760009765625
2018-07-30,1770.47998046875,1768.1500244140625
2018-07-31,1764.010009765625,1753.2900390625
2018-08-01,1762.9200439453125,1769.760009765625
2018-08-02,1768.260009765625,1752.0899658203125
2018-08-03,1755.75,1742.5799560546875
2018-08-06,1742.969970703125,1732.9000244140625
2018-08-07,1733.219970703125,1746.050048828125
2018-08-08,1747.6500244140625,1744.7099609375
2018-08-09,1739.989990234375,1740.1600341796875
2018-08-10,1739.4100341796875,1720.1600341796875
2018-08-13,1706.719970703125,1683.5
2018-08-14,1693.5400390625,1710.949951171875
2018-08-15,1713.8599853515625,1698.030029296875
2018-08-16,1681.0899658203125,1687.1500244140625
2018-08-17,1696.5899658203125,1697.530029296875
2018-08-20,1692.739990234375,1692.1500244140625
2018-08-21,1686.25,1685.4200439453125
2018-08-22,1686.6099853515625,1698.3699951171875
2018-08-23,1700.5400390625,1698.219970703125
2018-08-24,1707.0799560546875,1709.199951171875
2018-08-27,1716.800048828125,1728.949951171875
2018-08-28,1741.260009765625,1731.6300048828125
2018-08-29,1732.9599609375,1739.5999755859375
2018-08-30,1749.18994140625,1739.1400146484375
2018-08-31,1728.1300048828125,1735.3499755859375
2018-09-04,1721.949951171875,1718.239990234375
2018-09-05,1713.8299560546875,1704.9599609375
2018-09-06,1697.1600341796875,1692.4100341796875
2018-09-07,1683.7099609375,1684.31005859375
2018-09-10,1680.3599853515625,1687.6099853515625
2018-09-11,1690.52001953125,1698.9100341796875
2018-09-12,1701.1700439453125,1691.3199462890625
2018-09-13,1694.8699951171875,1710.02001953125
2018-09-14,1721.6800537109375,1728.6099853515625
2018-09-18,1725.8800048828125,1759.8800048828125
2018-09-19,1781.8599853515625,1785.6600341796875
2018-09-20,1793.56005859375,1787.5999755859375
2018-09-21,1798.77001953125,1804.02001953125
2018-09-25,1805.7099609375,1822.43994140625
2018-09-26,1810.6500244140625,1821.6700439453125
2018-09-27,1817.239990234375,1800.1099853515625
2018-09-28,1817.81005859375,1817.25
2018-10-01,1814.050048828125,1817.9599609375
2018-10-02,1829.489990234375,1824.030029296875
2018-10-03,1820.56005859375,1802.72998046875
2018-10-04,1818.27001953125,1801.18994140625
2018-10-05,1790.780029296875,1792.6500244140625
2018-10-09,1777.9599609375,1761.1199951171875
2018-10-10,1767.8900146484375,1763.8599853515625
2018-10-11,1729.81005859375,1701.8599853515625
2018-10-12,1689.5,1702.449951171875
2018-10-15,1690.72998046875,1675.43994140625
2018-10-16,1675.1500244140625,1687.9100341796875
2018-10-17,1708.739990234375,1713.8699951171875
2018-10-18,1718.1400146484375,1704.6400146484375
2018-10-19,1684.1500244140625,1692.8499755859375
2018-10-22,1680.6099853515625,1695.31005859375
2018-10-23,1681.25,1650.719970703125
2018-10-24,1661.2900390625,1652.0699462890625
2018-10-25,1622.030029296875,1600.9200439453125
2018-10-26,1614.97998046875,1596.010009765625
2018-10-29,1605.1600341796875,1589.56005859375
2018-10-30,1584.0699462890625,1611.4599609375
2018-10-31,1622.030029296875,1646.1199951171875
2018-11-01,1647.0999755859375,1632.050048828125
2018-11-02,1637.989990234375,1658.760009765625
2018-11-05,1644.8800048828125,1640.3900146484375
2018-11-06,1646.4200439453125,1659.3499755859375
2018-11-07,1662.4100341796875,1652.4300537109375
2018-11-08,1677.4300537109375,1681.25
2018-11-09,1680.5400390625,1672.97998046875
2018-11-12,1663.8900146484375,1671.949951171875
2018-11-13,1644.8900146484375,1638.449951171875
2018-11-14,1640.97998046875,1641.260009765625
2018-11-15,1631.1800537109375,1638.969970703125
2018-11-16,1640.75,1629.300048828125
2018-11-19,1627.9599609375,1637.6099853515625
2018-11-20,1621.9000244140625,1625.6700439453125
2018-11-21,1602.75,1615.8900146484375
2018-11-26,1627.9599609375,1632.199951171875
2018-11-27,1643.1600341796875,1644.1600341796875
2018-11-28,1649.0999755859375,1653.6600341796875
2018-11-29,1667.1600341796875,1659.469970703125
2018-11-30,1660.1099853515625,1667.449951171875
2018-12-03,1687.77001953125,1689.050048828125
2018-12-04,1685.719970703125,1649.199951171875
2018-12-06,1629.449951171875,1610.5999755859375
2018-12-07,1621.1300048828125,1620.449951171875
2018-12-10,1596.9599609375,1589.81005859375
2018-12-11,1592.7099609375,1575.31005859375
2018-12-12,1589.43994140625,1606.6099853515625
2018-12-13,1615.4300537109375,1616.6500244140625
2018-12-14,1609.9300537109375,1592.1600341796875
2018-12-17,1592.699951171875,1594.199951171875
2018-12-18,1575.739990234375,1562.510009765625
2018-12-19,1560.8199462890625,1556.1500244140625
2018-12-20,1544.4200439453125,1517.1600341796875
2018-12-21,1509.1500244140625,1488.18994140625
2018-12-26,1425.010009765625,1431.469970703125
2018-12-27,1460.2099609375,1501.6300048828125
2018-12-28,1490.7099609375,1494.0899658203125
2019-01-04,1468.4200439453125,1471.1600341796875
2019-01-07,1499.4200439453125,1512.530029296875
2019-01-08,1520.9300537109375,1518.4300537109375
2019-01-09,1533.199951171875,1535.1099853515625
2019-01-10,1523.010009765625,1522.010009765625
2019-01-11,1531.719970703125,1529.72998046875
2019-01-15,1521.8299560546875,1542.719970703125
2019-01-16,1543.1700439453125,1537.77001953125
2019-01-17,1546.47998046875,1543.199951171875
2019-01-18,1547.0899658203125,1557.5899658203125
2019-01-22,1570.2900390625,1556.4300537109375
2019-01-23,1545.56005859375,1547.030029296875
2019-01-24,1540.719970703125,1552.5999755859375
2019-01-25,1553.489990234375,1566.0999755859375
2019-01-28,1563.6099853515625,1555.510009765625
2019-01-29,1548.4599609375,1557.0899658203125
2019-01-30,1559.219970703125,1550.760009765625
2019-01-31,1570.6300048828125,1567.489990234375
2019-02-01,1565.6300048828125,1564.6300048828125
2019-02-04,1570.3599853515625,1581.3299560546875
2019-02-05,1588.239990234375,1582.8800048828125
2019-02-06,1587.489990234375,1582.1300048828125
2019-02-07,1577.3499755859375,1569.030029296875
2019-02-08,1552.699951171875,1539.4000244140625
2019-02-12,1547.56005859375,1572.5999755859375
2019-02-13,1582.6400146484375,1589.3299560546875
2019-02-14,1589.4300537109375,1589.81005859375
2019-02-15,1580.0,1577.2900390625
2019-02-19,1599.6500244140625,1606.52001953125
2019-02-20,1609.719970703125,1613.469970703125
2019-02-21,1612.8800048828125,1613.5
2019-02-22,1605.989990234375,1609.52001953125
2019-02-25,1619.6099853515625,1620.8699951171875
2019-02-26,1622.3299560546875,1617.199951171875
2019-02-27,1619.4000244140625,1620.4200439453125
2019-02-28,1618.199951171875,1607.6600341796875
2019-03-01,1612.469970703125,1615.719970703125
2019-03-04,1629.4300537109375,1627.5899658203125
2019-03-05,1618.3499755859375,1619.22998046875
2019-03-06,1617.0,1615.25
2019-03-07,1604.8499755859375,1601.6600341796875
2019-03-08,1588.1500244140625,1572.43994140625
2019-03-11,1574.31005859375,1581.43994140625
2019-03-12,1596.4000244140625,1605.47998046875
2019-03-13,1600.72998046875,1592.0699462890625
2019-03-14,1603.3199462890625,1588.2900390625
2019-03-15,1595.02001953125,1602.6300048828125
2019-03-18,1610.739990234375,1613.6800537109375
2019-03-19,1612.3599853515625,1610.22998046875
2019-03-20,1609.300048828125,1614.3900146484375
2019-03-22,1617.3800048828125,1617.1099853515625
2019-03-25,1593.300048828125,1577.4100341796875
2019-03-26,1592.5899658203125,1617.93994140625
2019-03-27,1606.780029296875,1609.489990234375
2019-03-28,1595.0899658203125,1582.8499755859375
2019-03-29,1595.5799560546875,1591.6400146484375
2019-04-01,1612.1300048828125,1615.81005859375
2019-04-02,1632.030029296875,1611.68994140625
2019-04-03,1614.469970703125,1621.77001953125
2019-04-04,1621.1500244140625,1620.050048828125
2019-04-05,1620.52001953125,1625.75
2019-04-08,1628.9000244140625,1620.1400146484375
2019-04-09,1616.5,1618.760009765625
2019-04-10,1601.5699462890625,1607.6600341796875
2019-04-11,1603.4000244140625,1606.52001953125
2019-04-12,1611.739990234375,1605.4000244140625
2019-04-15,1624.25,1627.9300537109375
2019-04-16,1623.2900390625,1626.4599609375
2019-04-17,1628.3499755859375,1630.6800537109375
2019-04-18,1631.6199951171875,1614.969970703125
2019-04-22,1613.5400390625,1618.6199951171875
2019-04-23,1620.719970703125,1622.969970703125
2019-04-24,1628.9599609375,1612.050048828125
2019-04-25,1613.469970703125,1620.280029296875
2019-04-26,1610.7900390625,1617.9300537109375
2019-05-07,1616.8399658203125,1599.8399658203125
2019-05-08,1580.469970703125,1572.3299560546875
2019-05-09,1563.3199462890625,1550.7099609375
2019-05-10,1550.47998046875,1549.4200439453125
2019-05-13,1541.22998046875,1541.1400146484375
2019-05-14,1517.4100341796875,1534.97998046875
2019-05-15,1539.3199462890625,1544.1500244140625
2019-05-16,1543.4200439453125,1537.550048828125
2019-05-17,1550.43994140625,1554.25
2019-05-20,1556.02001953125,1554.9200439453125
2019-05-21,1546.8499755859375,1550.300048828125
2019-05-22,1557.010009765625,1546.2099609375
2019-05-23,1538.9200439453125,1540.5799560546875
2019-05-24,1527.199951171875,1541.2099609375
2019-05-28,1546.5699462890625,1550.989990234375
2019-05-29,1535.780029296875,1536.4100341796875
2019-05-30,1526.3599853515625,1531.97998046875
2019-05-31,1521.31005859375,1512.280029296875
2019-06-03,1491.5400390625,1498.9599609375
2019-06-04,1501.4100341796875,1499.0899658203125
2019-06-05,1520.68994140625,1530.0799560546875
2019-06-06,1526.5400390625,1524.9100341796875
2019-06-07,1529.0999755859375,1532.3900146484375
2019-06-10,1545.8299560546875,1552.93994140625
2019-06-11,1552.280029296875,1561.3199462890625
2019-06-12,1554.97998046875,1554.219970703125
2019-06-13,1545.5,1541.5
2019-06-14,1543.4200439453125,1546.7099609375
2019-06-17,1542.1300048828125,1539.739990234375
2019-06-18,1539.31005859375,1528.6700439453125
2019-06-19,1546.3399658203125,1555.27001953125
2019-06-20,1559.18994140625,1559.9000244140625
2019-06-21,1559.18994140625,1545.9000244140625
2019-06-24,1543.5699462890625,1547.739990234375
2019-06-25,1546.4000244140625,1543.489990234375
2019-06-26,1534.93994140625,1534.3399658203125
2019-06-27,1538.1400146484375,1553.27001953125
2019-06-28,1550.510009765625,1551.1400146484375
2019-07-01,1573.0899658203125,1584.8499755859375
2019-07-02,1584.719970703125,1589.8399658203125
2019-07-03,1582.81005859375,1579.5400390625
2019-07-05,1590.3900146484375,1592.5799560546875
2019-07-08,1588.3900146484375,1578.4000244140625
2019-07-09,1581.9000244140625,1574.8900146484375
2019-07-10,1568.030029296875,1571.3199462890625
2019-07-11,1572.449951171875,1578.6300048828125
2019-07-12,1582.4100341796875,1576.31005859375
2019-07-16,1571.93994140625,1568.739990234375
2019-07-17,1563.989990234375,1567.4100341796875
2019-07-18,1557.6500244140625,1534.27001953125
2019-07-19,1538.8299560546875,1563.9599609375
2019-07-22,1559.239990234375,1556.3699951171875
2019-07-23,1555.68994140625,1568.8199462890625
2019-07-24,1576.4200439453125,1575.0899658203125
2019-07-25,1577.260009765625,1577.8499755859375
2019-07-26,1572.0899658203125,1571.52001953125
2019-07-29,1569.5899658203125,1568.5699462890625
2019-07-30,1572.68994140625,1575.5799560546875
2019-07-31,1562.9599609375,1565.1400146484375
2019-08-01,1556.1199951171875,1567.3499755859375
2019-08-02,1544.7900390625,1533.4599609375
2019-08-05,1518.3499755859375,1505.8800048828125
2019-08-06,1477.1800537109375,1499.22998046875
2019-08-07,1496.56005859375,1499.9300537109375
2019-08-08,1497.280029296875,1498.6600341796875
2019-08-09,1509.3900146484375,1503.8399658203125
2019-08-13,1489.52001953125,1486.5699462890625
2019-08-14,1501.4300537109375,1499.5
2019-08-15,1473.8199462890625,1483.8499755859375
2019-08-16,1477.8299560546875,1485.2900390625
2019-08-19,1496.030029296875,1494.3299560546875
2019-08-20,1498.27001953125,1506.77001953125
2019-08-21,1491.93994140625,1497.510009765625
2019-08-22,1501.8699951171875,1498.06005859375
2019-08-23,1496.800048828125,1502.25
2019-08-26,1474.1800537109375,1478.030029296875
2019-08-27,1491.719970703125,1489.68994140625
2019-08-28,1489.8299560546875,1490.3499755859375
2019-08-29,1492.0899658203125,1490.1700439453125
2019-08-30,1502.8299560546875,1511.8599853515625
2019-09-03,1502.5699462890625,1510.7900390625
2019-09-04,1505.6600341796875,1506.81005859375
2019-09-05,1516.010009765625,1534.4599609375
2019-09-06,1541.050048828125,1537.0999755859375
2019-09-09,1538.489990234375,1551.1099853515625
2019-09-10,1556.239990234375,1557.989990234375
2019-09-11,1563.989990234375,1583.6600341796875
2019-09-12,1592.8299560546875,1595.0999755859375
2019-09-13,1602.1800537109375,1609.8699951171875
2019-09-17,1605.6400146484375,1614.5799560546875
2019-09-18,1613.31005859375,1606.6199951171875
2019-09-19,1613.75,1615.6600341796875
2019-09-20,1622.300048828125,1616.22998046875
2019-09-24,1618.02001953125,1622.93994140625
2019-09-25,1614.780029296875,1620.0799560546875
2019-09-26,1633.9100341796875,1623.27001953125
2019-09-27,1612.0999755859375,1604.25
2019-09-30,1593.1800537109375,1587.800048828125
2019-10-01,1595.3499755859375,1603.0
2019-10-02,1590.31005859375,1596.2900390625
2019-10-03,1569.8299560546875,1568.8699951171875
2019-10-04,1564.6800537109375,1572.9000244140625
2019-10-07,1576.3299560546875,1572.75
2019-10-08,1580.5,1586.5
2019-10-09,1570.699951171875,1581.699951171875
2019-10-10,1578.7900390625,1581.4200439453125
2019-10-11,1593.5400390625,1595.27001953125
2019-10-15,1615.4000244140625,1620.199951171875
2019-10-16,1637.5799560546875,1631.510009765625
2019-10-17,1628.5799560546875,1624.1600341796875
2019-10-18,1628.219970703125,1621.989990234375
2019-10-21,1626.1800537109375,1628.5999755859375
2019-10-23,1632.8199462890625,1638.1400146484375
2019-10-24,1646.5999755859375,1643.739990234375
2019-10-25,1646.4200439453125,1648.43994140625
2019-10-28,1651.1300048828125,1648.4300537109375
2019-10-29,1657.260009765625,1662.6800537109375
2019-10-30,1663.8499755859375,1665.9000244140625
2019-10-31,1666.3599853515625,1667.010009765625
2019-11-01,1653.800048828125,1666.5
2019-11-05,1682.8499755859375,1694.1600341796875
2019-11-06,1701.3499755859375,1694.449951171875
2019-11-07,1693.75,1698.1300048828125
2019-11-08,1711.6600341796875,1702.77001953125
2019-11-11,1708.1199951171875,1704.030029296875
2019-11-12,1702.550048828125,1709.6700439453125
2019-11-13,1706.550048828125,1700.3299560546875
2019-11-14,1697.8399658203125,1684.4000244140625
2019-11-15,1686.5699462890625,1696.6700439453125
2019-11-18,1696.0899658203125,1700.719970703125
2019-11-19,1696.8599853515625,1696.72998046875
2019-11-20,1689.25,1691.1099853515625
2019-11-21,1686.8499755859375,1689.3800048828125
2019-11-22,1689.56005859375,1691.3399658203125
2019-11-25,1702.97998046875,1702.9599609375
2019-11-26,1712.6099853515625,1705.7099609375
2019-11-27,1710.4300537109375,1710.97998046875
2019-11-29,1712.2099609375,1699.3599853515625
2019-12-02,1705.989990234375,1714.489990234375
2019-12-03,1695.9100341796875,1706.72998046875
2019-12-04,1695.72998046875,1703.27001953125
2019-12-05,1711.93994140625,1711.4100341796875
2019-12-06,1713.0799560546875,1713.3599853515625
2019-12-09,1726.0999755859375,1722.0699462890625
2019-12-10,1720.6700439453125,1720.77001953125
2019-12-11,1720.3299560546875,1714.949951171875
2019-12-12,1718.989990234375,1712.8299560546875
2019-12-13,1738.449951171875,1739.97998046875
2019-12-16,1737.8599853515625,1736.8699951171875
2019-12-17,1746.280029296875,1747.199951171875
2019-12-18,1745.68994140625,1738.4000244140625
2019-12-19,1736.72998046875,1736.1099853515625
2019-12-20,1736.97998046875,1733.0699462890625
2019-12-23,1737.5,1729.4200439453125
2019-12-24,1730.8299560546875,1728.219970703125
2019-12-26,1721.5899658203125,1731.199951171875
2019-12-27,1735.4000244140625,1733.1800537109375
2019-12-30,1727.3900146484375,1721.3599853515625
2020-01-06,1699.5999755859375,1697.489990234375
2020-01-07,1705.5400390625,1725.050048828125
2020-01-08,1701.8699951171875,1701.4000244140625
2020-01-09,1722.18994140625,1729.050048828125
2020-01-10,1734.219970703125,1735.1600341796875
2020-01-14,1740.9100341796875,1740.530029296875
2020-01-15,1733.7900390625,1731.06005859375
2020-01-16,1733.27001953125,1728.719970703125
2020-01-17,1737.22998046875,1735.43994140625
2020-01-21,1743.780029296875,1734.969970703125
2020-01-22,1732.47998046875,1744.1300048828125
2020-01-23,1733.7099609375,1730.5
2020-01-24,1733.719970703125,1730.43994140625
2020-01-27,1702.97998046875,1702.5699462890625
2020-01-28,1687.530029296875,1692.280029296875
2020-01-29,1695.6500244140625,1699.949951171875
2020-01-30,1693.6500244140625,1674.77001953125
2020-01-31,1684.52001953125,1684.43994140625
2020-02-03,1660.6600341796875,1672.6600341796875
2020-02-04,1667.25,1684.239990234375
2020-02-05,1701.7900390625,1701.8299560546875
2020-02-06,1722.949951171875,1736.97998046875
2020-02-07,1739.280029296875,1732.1400146484375
2020-02-10,1717.6700439453125,1719.6400146484375
2020-02-12,1721.260009765625,1718.9200439453125
2020-02-13,1715.5999755859375,1713.0799560546875
2020-02-14,1704.0400390625,1702.8699951171875
2020-02-18,1678.8699951171875,1665.7099609375
2020-02-19,1674.3800048828125,1671.8599853515625
2020-02-20,1686.25,1674.47998046875
2020-02-21,1673.010009765625,1674.0
2020-02-25,1641.6300048828125,1618.260009765625
2020-02-26,1602.489990234375,1606.1700439453125
2020-02-27,1594.219970703125,1568.06005859375
2020-02-28,1537.6099853515625,1510.8699951171875
2020-03-02,1488.9599609375,1525.8699951171875
2020-03-03,1547.2900390625,1505.1199951171875
2020-03-04,1488.9300537109375,1502.5
2020-03-05,1522.22998046875,1515.7099609375
2020-03-06,1492.3399658203125,1471.4599609375
2020-03-09,1442.6199951171875,1388.969970703125
2020-03-10,1371.739990234375,1406.6800537109375
2020-03-11,1403.1099853515625,1385.1199951171875
2020-03-12,1360.6099853515625,1327.8800048828125
2020-03-13,1300.31005859375,1261.699951171875
2020-03-16,1268.3900146484375,1236.3399658203125
2020-03-17,1216.9200439453125,1268.4599609375
2020-03-18,1279.27001953125,1270.8399658203125
2020-03-19,1289.800048828125,1283.219970703125
2020-03-23,1278.8599853515625,1292.010009765625
2020-03-24,1311.8299560546875,1333.0999755859375
2020-03-25,1357.1199951171875,1424.6199951171875
2020-03-26,1404.800048828125,1399.3199462890625
2020-03-27,1424.9200439453125,1459.489990234375
2020-03-30,1418.0699462890625,1435.5400390625
2020-03-31,1436.4000244140625,1403.0400390625
2020-04-01,1388.6600341796875,1351.0799560546875
2020-04-02,1339.18994140625,1329.8699951171875
2020-04-03,1335.8199462890625,1325.1300048828125
2020-04-06,1328.4300537109375,1376.300048828125
2020-04-07,1397.7099609375,1403.2099609375
2020-04-08,1408.6099853515625,1425.469970703125
2020-04-09,1424.4000244140625,1416.97998046875
2020-04-13,1419.6700439453125,1405.9100341796875
2020-04-14,1409.989990234375,1433.510009765625
2020-04-15,1430.0799560546875,1434.0699462890625
2020-04-16,1416.8299560546875,1422.239990234375
2020-04-17,1438.3699951171875,1442.5400390625
2020-04-20,1432.7900390625,1432.4100341796875
2020-04-21,1420.3299560546875,1415.8900146484375
2020-04-22,1405.6199951171875,1406.9000244140625
2020-04-23,1415.3800048828125,1425.97998046875
2020-04-24,1419.6400146484375,1421.2900390625
2020-04-27,1428.43994140625,1447.25
2020-04-28,1446.06005859375,1449.1500244140625
2020-04-30,1470.5699462890625,1464.030029296875
2020-05-01,1452.4599609375,1431.260009765625
2020-05-07,1419.9200439453125,1426.72998046875
2020-05-08,1442.800048828125,1458.280029296875
2020-05-11,1468.8299560546875,1480.6199951171875
2020-05-12,1480.469970703125,1476.719970703125
2020-05-13,1462.780029296875,1474.68994140625
2020-05-14,1464.989990234375,1446.550048828125
2020-05-15,1459.3299560546875,1453.77001953125
2020-05-18,1457.780029296875,1459.2900390625
2020-05-19,1480.6300048828125,1486.050048828125
2020-05-20,1483.3499755859375,1494.68994140625
2020-05-21,1499.6500244140625,1491.2099609375
2020-05-22,1492.2099609375,1477.800048828125
2020-05-26,1513.489990234375,1534.72998046875
2020-05-27,1535.4200439453125,1549.469970703125
2020-05-28,1562.0799560546875,1577.3399658203125
2020-05-29,1566.6700439453125,1563.6700439453125
2020-06-01,1563.81005859375,1568.75
2020-06-02,1576.77001953125,1587.6800537109375
2020-06-03,1606.2900390625,1599.0799560546875
2020-06-04,1614.489990234375,1603.8199462890625
2020-06-05,1599.56005859375,1612.47998046875
2020-06-08,1628.6099853515625,1630.719970703125
2020-06-09,1629.780029296875,1628.4300537109375
2020-06-10,1618.530029296875,1624.7099609375
2020-06-11,1609.010009765625,1588.9200439453125
2020-06-12,1560.739990234375,1570.6800537109375
2020-06-15,1562.3199462890625,1530.780029296875
2020-06-16,1555.0400390625,1593.449951171875
2020-06-17,1591.6700439453125,1587.0899658203125
2020-06-18,1581.1800537109375,1583.0899658203125
2020-06-19,1588.6400146484375,1582.800048828125
2020-06-22,1577.0,1579.0899658203125
2020-06-23,1588.989990234375,1587.1400146484375
2020-06-24,1583.31005859375,1580.5
2020-06-25,1564.9599609375,1561.8499755859375
2020-06-26,1571.4100341796875,1577.3699951171875
2020-06-29,1560.18994140625,1549.219970703125
2020-06-30,1570.280029296875,1558.77001953125
2020-07-01,1562.300048828125,1538.6099853515625
2020-07-02,1543.6199951171875,1542.760009765625
2020-07-06,1555.1400146484375,1577.1500244140625
2020-07-07,1574.199951171875,1571.7099609375
2020-07-08,1565.260009765625,1557.22998046875
2020-07-09,1555.8499755859375,1557.239990234375
2020-07-10,1553.52001953125,1535.199951171875
2020-07-13,1557.1700439453125,1573.02001953125
2020-07-14,1564.4300537109375,1565.1500244140625
2020-07-15,1579.0999755859375,1589.510009765625
2020-07-16,1588.5999755859375,1579.06005859375
2020-07-17,1581.0,1573.8499755859375
2020-07-20,1577.6099853515625,1577.030029296875
2020-07-21,1579.8299560546875,1582.739990234375
2020-07-22,1578.0999755859375,1572.9599609375
2020-07-27,1556.81005859375,1576.68994140625
2020-07-28,1575.739990234375,1569.1199951171875
2020-07-29,1560.6700439453125,1549.0400390625
2020-07-30,1554.1300048828125,1539.469970703125
2020-07-31,1531.8199462890625,1496.06005859375
2020-08-03,1510.22998046875,1522.6400146484375
2020-08-04,1537.8399658203125,1555.260009765625
2020-08-05,1548.5699462890625,1554.7099609375
2020-08-06,1552.8800048828125,1549.8800048828125
2020-08-07,1549.9599609375,1546.739990234375
2020-08-11,1561.1600341796875,1585.9599609375
2020-08-12,1588.800048828125,1605.530029296875
2020-08-13,1619.9599609375,1624.1500244140625
2020-08-14,1624.6099853515625,1623.3800048828125
2020-08-17,1609.8199462890625,1609.8199462890625
2020-08-18,1607.8699951171875,1610.8499755859375
2020-08-19,1604.97998046875,1613.72998046875
2020-08-20,1605.760009765625,1599.199951171875
2020-08-21,1608.9100341796875,1604.06005859375
2020-08-24,1604.1600341796875,1607.1300048828125
2020-08-25,1625.4100341796875,1625.22998046875
2020-08-26,1619.3800048828125,1624.47998046875
2020-08-27,1623.800048828125,1615.8900146484375
2020-08-28,1621.3900146484375,1604.8699951171875
2020-08-31,1621.9300537109375,1618.1800537109375
2020-09-01,1613.6400146484375,1615.81005859375
2020-09-02,1622.6199951171875,1623.4000244140625
2020-09-03,1639.4000244140625,1631.239990234375
2020-09-04,1611.3299560546875,1616.5999755859375
2020-09-08,1614.4100341796875,1620.8900146484375
2020-09-09,1598.1199951171875,1605.4000244140625
2020-09-10,1615.050048828125,1624.8599853515625
2020-09-11,1619.8900146484375,1636.6400146484375
2020-09-14,1641.1300048828125,1651.0999755859375
2020-09-15,1643.6800537109375,1640.8399658203125
2020-09-16,1639.02001953125,1644.3499755859375
2020-09-17,1642.47998046875,1638.4000244140625
2020-09-18,1638.8900146484375,1646.4200439453125
2020-09-23,1638.8199462890625,1644.25
2020-09-24,1634.6099853515625,1626.43994140625
2020-09-25,1634.719970703125,1634.22998046875
2020-09-28,1646.280029296875,1661.9300537109375
2020-09-29,1650.7099609375,1658.0999755859375
2020-09-30,1650.3199462890625,1625.489990234375
2020-10-01,1625.489990234375,1625.489990234375
2020-10-02,1633.02001953125,1609.219970703125
2020-10-05,1626.8499755859375,1637.25
2020-10-06,1644.719970703125,1645.75
2020-10-07,1635.31005859375,1646.469970703125
2020-10-08,1651.1600341796875,1655.469970703125
2020-10-09,1656.9000244140625,1647.3800048828125
2020-10-12,1645.030029296875,1643.3499755859375
2020-10-13,1650.510009765625,1649.0999755859375
2020-10-14,1641.6500244140625,1643.9000244140625
2020-10-15,1639.6099853515625,1631.7900390625
2020-10-16,1627.6400146484375,1617.68994140625
2020-10-19,1626.7900390625,1637.97998046875
2020-10-20,1631.4000244140625,1625.739990234375
2020-10-21,1633.030029296875,1637.5999755859375
2020-10-22,1627.9200439453125,1619.7900390625
2020-10-23,1625.6500244140625,1625.3199462890625
2020-10-26,1623.1300048828125,1618.97998046875
2020-10-27,1608.77001953125,1617.530029296875
2020-10-28,1606.3399658203125,1612.550048828125
2020-10-29,1595.010009765625,1610.9300537109375
2020-10-30,1604.5799560546875,1579.3299560546875
2020-11-02,1592.1600341796875,1607.949951171875
2020-11-04,1627.6400146484375,1627.25
2020-11-05,1629.93994140625,1649.93994140625
2020-11-06,1650.4599609375,1658.489990234375
2020-11-09,1671.989990234375,1681.9000244140625
2020-11-10,1697.3900146484375,1700.800048828125
2020-11-11,1719.81005859375,1729.0699462890625
2020-11-12,1727.800048828125,1726.22998046875
2020-11-13,1714.719970703125,1703.219970703125
2020-11-16,1717.43994140625,1731.81005859375
2020-11-17,1740.3599853515625,1734.6600341796875
2020-11-18,1726.9300537109375,1720.6500244140625
2020-11-19,1716.2099609375,1726.4100341796875
2020-11-20,1721.3900146484375,1727.3900146484375
2020-11-24,1754.3900146484375,1762.4000244140625
2020-11-25,1781.1199951171875,1767.6700439453125
2020-11-27,1780.6199951171875,1786.52001953125
2020-11-30,1789.9200439453125,1754.9200439453125
2020-12-01,1765.550048828125,1768.3800048828125
2020-12-02,1778.6800537109375,1773.969970703125
2020-12-03,1776.0799560546875,1775.25
2020-12-04,1770.699951171875,1775.93994140625
2020-12-07,1785.8299560546875,1760.75
2020-12-08,1752.1099853515625,1758.81005859375
2020-12-09,1759.780029296875,1779.4200439453125
2020-12-10,1775.449951171875,1776.2099609375
2020-12-11,1779.010009765625,1782.010009765625
2020-12-14,1785.0699462890625,1790.52001953125
2020-12-15,1787.8199462890625,1782.050048828125
2020-12-16,1792.9200439453125,1786.8299560546875
2020-12-17,1786.81005859375,1792.5799560546875
2020-12-18,1791.0899658203125,1793.239990234375
2020-12-21,1798.1600341796875,1789.050048828125
2020-12-22,1774.4300537109375,1761.1199951171875
2020-12-23,1769.1500244140625,1765.2099609375
2020-12-24,1774.22998046875,1774.27001953125
2020-12-28,1781.989990234375,1788.0400390625
2020-12-29,1793.8299560546875,1819.1800537109375
2020-12-30,1812.31005859375,1804.6800537109375
2021-01-04,1810.449951171875,1794.5899658203125
2021-01-05,1788.6300048828125,1791.219970703125
2021-01-06,1790.8599853515625,1796.1800537109375
2021-01-07,1816.260009765625,1826.300048828125
2021-01-08,1832.6800537109375,1854.93994140625
2021-01-12,1847.97998046875,1857.93994140625
2021-01-13,1852.9300537109375,1864.4000244140625
2021-01-14,1860.3199462890625,1873.280029296875
2021-01-15,1875.31005859375,1856.6099853515625
2021-01-19,1850.449951171875,1855.8399658203125
2021-01-20,1860.6700439453125,1849.5799560546875
2021-01-21,1858.0999755859375,1860.6400146484375
2021-01-22,1848.7900390625,1856.6400146484375
2021-01-25,1862.8800048828125,1862.0
2021-01-26,1853.6400146484375,1848.0
2021-01-27,1856.9300537109375,1860.0699462890625
2021-01-28,1829.27001953125,1838.8499755859375
2021-01-29,1844.9200439453125,1808.780029296875
2021-02-01,1806.6300048828125,1829.8399658203125
2021-02-02,1837.68994140625,1847.02001953125
2021-02-03,1858.5,1871.0899658203125
2021-02-04,1870.1199951171875,1865.1199951171875
2021-02-05,1880.699951171875,1890.949951171875
2021-02-08,1898.3699951171875,1923.949951171875
2021-02-09,1926.5400390625,1925.5400390625
2021-02-10,1921.260009765625,1930.8199462890625
2021-02-12,1936.6400146484375,1933.8800048828125
2021-02-16,1959.800048828125,1965.0799560546875
2021-02-17,1963.5400390625,1961.489990234375
2021-02-18,1962.030029296875,1941.9100341796875
2021-02-19,1927.449951171875,1928.949951171875
2021-02-22,1947.3499755859375,1938.3499755859375
2021-02-24,1934.47998046875,1903.0699462890625
2021-02-25,1927.1099853515625,1926.22998046875
2021-02-26,1903.8399658203125,1864.489990234375
2021-03-01,1888.6099853515625,1902.47998046875
2021-03-02,1915.1700439453125,1894.8499755859375
2021-03-03,1899.550048828125,1904.5400390625
2021-03-04,1889.5,1884.739990234375
2021-03-05,1876.8499755859375,1896.1800537109375
2021-03-08,1916.3299560546875,1893.5799560546875
2021-03-09,1902.8900146484375,1917.6800537109375
2021-03-10,1918.1600341796875,1919.739990234375
2021-03-11,1921.06005859375,1924.9200439453125
2021-03-12,1929.3299560546875,1951.06005859375
2021-03-15,1958.6800537109375,1968.72998046875
2021-03-16,1967.6199951171875,1981.5
2021-03-17,1972.4300537109375,1984.030029296875
2021-03-18,1995.47998046875,2008.510009765625
2021-03-19,1994.7900390625,2012.2099609375
2021-03-22,1996.6600341796875,1990.1800537109375
2021-03-23,2000.260009765625,1971.47998046875
2021-03-24,1954.9000244140625,1928.5799560546875
2021-03-25,1940.760009765625,1955.550048828125
2021-03-26,1976.5400390625,1984.1600341796875
2021-03-29,2004.1099853515625,1993.3399658203125
2021-03-30,1980.4200439453125,1977.8599853515625
2021-03-31,1966.6300048828125,1954.0
2021-04-01,1971.780029296875,1957.6400146484375
2021-04-05,1979.550048828125,1983.5400390625
2021-04-06,1989.0899658203125,1954.3399658203125
2021-04-07,1961.030029296875,1967.4300537109375
2021-04-08,1962.9300537109375,1951.8599853515625
2021-04-09,1958.989990234375,1959.469970703125
2021-04-12,1967.300048828125,1954.5899658203125
2021-04-13,1957.9100341796875,1958.550048828125
2021-04-14,1953.9200439453125,1952.1800537109375
2021-04-15,1955.280029296875,1959.1300048828125
2021-04-16,1963.739990234375,1960.8699951171875
2021-04-19,1960.81005859375,1956.56005859375
2021-04-20,1940.9200439453125,1926.25
2021-04-21,1897.9100341796875,1888.1800537109375
2021-04-22,1911.9100341796875,1922.5
2021-04-23,1911.4100341796875,1914.97998046875
2021-04-26,1922.469970703125,1918.1500244140625
2021-04-27,1917.47998046875,1903.550048828125
2021-04-28,1903.8499755859375,1909.06005859375
2021-04-30,1910.030029296875,1898.239990234375
2021-05-06,1919.0999755859375,1927.4000244140625
2021-05-07,1930.1300048828125,1933.050048828125
2021-05-10,1936.9100341796875,1952.27001953125
2021-05-11,1938.449951171875,1905.9200439453125
2021-05-12,1905.489990234375,1877.949951171875
2021-05-13,1865.3499755859375,1849.0400390625
2021-05-14,1869.3499755859375,1883.4200439453125
2021-05-17,1897.22998046875,1878.8599853515625
2021-05-18,1886.1099853515625,1907.739990234375
2021-05-19,1888.260009765625,1895.239990234375
2021-05-20,1888.1099853515625,1895.9200439453125
2021-05-21,1899.6700439453125,1904.68994140625
2021-05-24,1903.5400390625,1913.0400390625
2021-05-25,1920.5,1919.52001953125
2021-05-26,1911.3699951171875,1920.6700439453125
2021-05-27,1914.4599609375,1911.02001953125
2021-05-28,1933.8599853515625,1947.43994140625
2021-06-01,1930.739990234375,1926.1800537109375
2021-06-02,1930.06005859375,1942.3299560546875
2021-06-03,1942.7900390625,1958.699951171875
2021-06-04,1953.4200439453125,1959.18994140625
2021-06-07,1969.6199951171875,1960.8499755859375
2021-06-08,1958.9599609375,1962.6500244140625
2021-06-09,1960.5799560546875,1957.1400146484375
2021-06-10,1951.56005859375,1956.72998046875
2021-06-11,1957.3599853515625,1954.02001953125
2021-06-14,1966.1300048828125,1959.75
2021-06-15,1963.739990234375,1975.47998046875
2021-06-16,1972.43994140625,1975.8599853515625
2021-06-17,1971.9300537109375,1963.5699462890625
2021-06-18,1963.280029296875,1946.56005859375
2021-06-21,1917.0699462890625,1899.449951171875
2021-06-22,1932.72998046875,1959.530029296875
2021-06-23,1954.8800048828125,1949.1400146484375
2021-06-24,1944.8800048828125,1947.0999755859375
2021-06-25,1963.8499755859375,1962.6500244140625
2021-06-28,1969.22998046875,1965.6700439453125
2021-06-29,1952.4300537109375,1949.47998046875
2021-06-30,1956.3599853515625,1943.5699462890625
2021-07-01,1949.199951171875,1939.2099609375
2021-07-02,1945.22998046875,1956.31005859375
2021-07-06,1955.3900146484375,1954.5
2021-07-07,1933.31005859375,1937.6800537109375
2021-07-08,1934.6800537109375,1920.3199462890625
2021-07-09,1897.800048828125,1912.3800048828125
2021-07-12,1943.3299560546875,1953.3299560546875
2021-07-13,1964.1700439453125,1967.6400146484375
2021-07-14,1955.3299560546875,1963.1600341796875
2021-07-15,1958.6700439453125,1939.6099853515625
2021-07-16,1930.1099853515625,1932.18994140625
2021-07-19,1912.8499755859375,1907.1300048828125
2021-07-20,1886.4200439453125,1888.8900146484375
2021-07-21,1913.3299560546875,1904.4100341796875
2021-07-26,1933.9000244140625,1925.6199951171875
2021-07-27,1934.1800537109375,1938.0400390625
2021-07-28,1922.1800537109375,1919.6500244140625
2021-07-29,1928.18994140625,1927.4300537109375
2021-07-30,1922.18994140625,1901.0799560546875
2021-08-03,1928.5799560546875,1931.1400146484375
2021-08-04,1928.72998046875,1921.4300537109375
2021-08-05,1917.6600341796875,1928.97998046875
2021-08-06,1927.6300048828125,1929.3399658203125
2021-08-10,1933.68994140625,1936.280029296875
2021-08-11,1947.280029296875,1954.0799560546875
2021-08-12,1962.8399658203125,1953.550048828125
2021-08-13,1955.8299560546875,1956.3900146484375
2021-08-16,1945.8599853515625,1924.97998046875
2021-08-17,1932.3699951171875,1915.6300048828125
2021-08-18,1915.9100341796875,1923.969970703125
2021-08-19,1911.3299560546875,1897.18994140625
2021-08-20,1893.300048828125,1880.6800537109375
2021-08-23,1897.9100341796875,1915.1400146484375
2021-08-24,1925.2099609375,1934.199951171875
2021-08-25,1937.9200439453125,1935.6600341796875
2021-08-26,1939.4200439453125,1935.3499755859375
2021-08-27,1926.0799560546875,1928.77001953125
2021-08-30,1943.510009765625,1950.1400146484375
2021-08-31,1943.4300537109375,1960.699951171875
2021-09-01,1965.739990234375,1980.7900390625
2021-09-02,1981.530029296875,1983.5699462890625
2021-09-03,1988.5799560546875,2015.449951171875
2021-09-30,2040.0,2030.1600341796875
2021-10-01,2010.4000244140625,1986.31005859375
